,word,overall_rank,rank_english,rank_japanese,kanji,hiragana,count_english,word_type_japanese
0,you,1,15,901,あなた,あなた,2996181025,Noun
1,you,2,15,3719,君,きみ,2996181025,Noun
2,new,3,27,205,新しい,あたらしい,1551258643,Adjective
3,more,4,28,150,もっと,もっと,1544771673,Adverb
4,we,5,31,504,私たち,わたしたち,1390661912,Noun
5,we,6,31,5439,我々,われわれ,1390661912,Noun
6,page,7,38,686,ページ,ページ,1082121730,Noun
7,free,8,42,471,ただ,ただ,1014107316,Noun
8,one,9,45,3,一,いち,993536631,Noun
9,other,10,46,168,他,ほか,978481319,Noun
10,do,11,47,50,やる,やる,950751722,Verb
11,information,12,49,752,情報,じょうほう,932594387,Noun
12,time,13,50,29,時,とき,908705570,Noun
13,they,14,51,1140,彼ら,かれら,883223816,Noun
14,which,15,57,230,どちら,どちら,810514085,Noun
15,news,16,59,581,ニュース,ニュース,755424983,Noun
16,use,17,61,192,使う,つかう,719980257,Verb
17,there,18,63,160,そこ,そこ,701170205,Pronoun
18,when,19,68,220,いつ,いつ,650621178,Noun
19,when,20,68,3693,いつのまに,いつのまに,650621178,Adverb
20,here,21,70,170,ここ,ここ,639711198,Pronoun
21,here,22,70,360,こっち,こっち,639711198,Pronoun
22,business,23,71,2440,事業,じぎょう,637134177,Noun
23,business,24,71,4100,ビジネス,ビジネス,637134177,Noun
24,who,25,72,1546,どなた,どなた,630927278,Noun
25,now,26,75,64,今,いま,611387736,Adverb
26,first,27,83,419,先ず,まず,578161543,Adverb
27,these,28,93,476,これら,これら,541003982,Noun
28,find,29,100,151,見つける,みつける,502043038,Verb
29,price,30,101,730,値段,ねだん,501651226,Noun
30,date,31,102,1256,デート,デート,488967374,Verbal Noun
31,date,32,102,2002,月日,がっぴ,488967374,Noun
32,date,33,102,4015,年月日,ねんがっぴ,488967374,Noun
33,date,34,102,5304,日付け,ひづけ,488967374,Noun
34,back,35,103,3484,背中,せなか,488024109,Noun
35,back,36,103,4792,バック,バック,488024109,Verbal Noun
36,top,37,104,4069,トップ,トップ,484213771,Noun
37,people,38,105,459,人々,ひとびと,480303376,Noun
38,people,39,105,2035,方々,かたがた,480303376,Noun
39,name,40,108,218,名前,なまえ,464532702,Noun
40,name,41,108,5860,名称,めいしょう,464532702,Noun
41,state,42,111,3200,州,しゅう,453104133,Noun
42,day,43,113,32,日,にち,446236148,Noun
43,two,44,116,4,二,に,441398439,Noun
44,health,45,117,3489,健康,けんこう,440416431,Noun
45,world,46,119,674,世界,せかい,431934249,Noun
46,next,47,121,259,次,つぎ,425903347,Noun
47,go,48,123,71,行く,いく,421086358,Verb
48,work,49,125,262,働く,はたらく,419483948,Verb
49,most,50,127,216,一番,いちばん,416210411,Adverb
50,music,51,129,1063,音楽,おんがく,414028837,Noun
51,music,52,129,5460,ミュージック,ミュージック,414028837,Noun
52,buy,53,130,147,買う,かう,410780176,Verb
53,data,54,131,4006,データ,データ,406908328,Noun
54,system,55,136,411,システム,システム,396975018,Noun
55,city,56,139,792,都市,とし,390564835,Noun
56,city,57,139,2303,市,し,390564835,Noun
57,add,58,141,5297,付け加える,つけくわえる,387231739,Verb
58,number,59,143,245,数,かず,383787805,Noun
59,number,60,143,4899,ナンバー,ナンバー,383787805,Noun
60,please,61,145,1476,どうぞ,どうぞ,380046348,Adverb
61,after,62,150,134,後,あと,372948094,Adverb
62,best,63,151,2110,最上,さいじょう,371852748,Noun
63,best,64,151,4880,ベスト,ベスト,371852748,Noun
64,good,65,155,207,良い,いい,365796396,Adjective
65,video,66,156,591,ビデオ,ビデオ,365410017,Noun
66,well,67,157,451,よく,よく,362082755,Adverb
67,well,68,157,4962,まあ,まあ,362082755,Interjection
68,where,69,159,100,どこ,どこ,360468339,Noun
69,public,70,162,2848,公立,こうりつ,349286123,Noun
70,books,71,163,2316,書物,しょもつ,347710184,Noun
71,books,72,163,4225,図書,としょ,347710184,Noun
72,school,73,165,235,学校,がっこう,343057316,Noun
73,review,74,171,1495,復習,ふくしゅう,339067778,Verbal Noun
74,order,75,173,3287,順序,じゅんじょ,336631187,Noun
75,very,76,174,190,とても,とても,334923368,Adverb
76,read,77,180,156,読む,よむ,322331766,Verb
77,group,78,181,506,グループ,グループ,321842984,Noun
78,set,79,189,2116,セット,セット,313469591,Verbal Noun
79,full,80,196,321,一杯,いっぱい,309929179,Adverb
80,program,81,199,446,プログラム,プログラム,306686983,Noun
81,life,82,200,2963,生命,せいめい,306559205,Noun
82,life,83,200,2964,命,いのち,306559205,Noun
83,know,84,201,215,知る,しる,306100813,Verb
84,know,85,201,2793,ご存じ,ごぞんじ,306100813,Noun
85,hotel,86,211,511,ホテル,ホテル,297974790,Noun
86,international,87,215,1245,国際,こくさい,295639201,Noun
87,international,88,215,2851,国際的,こくさいてき,295639201,Adjective
88,center,89,216,5536,センター,センター,294319118,Noun
89,center,90,216,5919,中央,ちゅうおう,294319118,Noun
90,development,91,223,1043,開発,かいはつ,286291411,Verbal Noun
91,report,92,224,753,報告,ほうこく,286237372,Verbal Noun
92,member,93,226,2142,会員,かいいん,283858893,Noun
93,member,94,226,2143,一員,いちいん,283858893,Noun
94,member,95,226,4132,メンバー,メンバー,283858893,Noun
95,line,96,228,283,線,せん,280009597,Noun
96,send,97,233,224,送る,おくる,274103587,Verb
97,right,98,234,84,右,みぎ,273620358,Noun
98,type,99,235,4094,タイプ,タイプ,272336859,Noun
99,office,100,241,1339,事務室,じむしつ,266789622,Noun
100,education,101,242,849,教育,きょういく,266738068,Verbal Noun
101,national,102,243,2548,国立,こくりつ,266376620,Noun
102,car,103,244,622,車,くるま,264720374,Noun
103,design,104,245,4201,デザイン,デザイン,264448339,Verbal Noun
104,take,105,246,820,持って行く,もっていく,264349801,Verb
105,shipping,106,257,2309,出荷,しゅっか,256521328,Verbal Noun
106,subject,107,259,2767,科目,かもく,256217838,Noun
107,long,108,264,177,長い,ながい,252519588,Adjective
108,show,109,268,149,見せる,みせる,247541986,Verb
109,black,110,271,678,黒,くろ,244690155,Noun
110,index,111,276,3092,索引,さくいん,242826246,Noun
111,open,112,283,123,開く,ひらく,239670331,Verb
112,open,113,283,539,開く,あく,239670331,Verb
113,today,114,284,65,今日,きょう,239271204,Noun
114,today,115,284,4073,本日,ほんじつ,239271204,Noun
115,south,116,286,532,南,みなみ,238581133,Noun
116,case,117,287,2008,ケース,ケース,235563000,Noun
117,both,118,300,1514,両方,りょうほう,228648541,Noun
118,both,119,300,5269,両者,りょうしゃ,228648541,Noun
119,county,120,302,3717,郡,ぐん,227567373,Noun
120,game,121,305,280,ゲーム,ゲーム,227111505,Noun
121,power,122,307,4655,動力,どうりょく,226596368,Noun
122,network,123,310,4107,ネットワーク,ネットワーク,225218991,Noun
123,computer,124,312,416,コンピューター,コンピューター,224177047,Noun
124,three,125,314,6,三,さん,223417394,Noun
125,total,126,315,5135,総数,そうすう,222649459,Noun
126,place,127,316,40,ところ,ところ,220970235,Noun
127,think,128,325,209,思う,おもう,217856550,Verb
128,north,129,326,533,北,きた,217809513,Noun
129,resources,130,327,2885,資源,しげん,217268632,Noun
130,big,131,330,73,大きい,おおきい,216690546,Adjective
131,law,132,332,889,法律,ほうりつ,216122487,Noun
132,water,133,334,46,水,みず,215178488,Noun
133,history,134,335,1453,歴史,れきし,215000515,Noun
134,since,135,340,2666,以来,いらい,214302926,Noun
135,guide,136,342,2738,ガイド,ガイド,213378807,Verbal Noun
136,change,137,347,254,変える,かえる,210601244,Verb
137,change,138,347,970,変わる,かわる,210601244,Verb
138,change,139,347,974,変化,へんか,210601244,Verbal Noun
139,white,140,348,675,白,しろ,209863729,Noun
140,small,141,350,74,小さい,ちいさい,208371878,Adjective
141,rate,142,352,4570,割り,わり,207634179,Noun
142,return,143,357,5886,返却,へんきゃく,205629763,Verbal Noun
143,shopping,144,360,3095,ショッピング,ショッピング,204104275,Verbal Noun
144,level,145,364,4031,レベル,レベル,202563642,Noun
145,love,146,370,112,大好き,だいすき,201063526,Adjective
146,love,147,370,1623,愛,あい,201063526,Verbal Noun
147,love,148,370,5444,恋愛,れんあい,201063526,Verbal Noun
148,old,149,371,206,古い,ふるい,199694226,Adjective
149,image,150,376,2016,イメージ,イメージ,197874283,Verbal Noun
150,title,151,378,4493,題名,だいめい,196676017,Noun
151,description,152,379,3403,記述,きじゅつ,196301245,Verbal Noun
152,insurance,153,383,4903,保険,ほけん,193271293,Noun
153,why,154,385,290,どうして,どうして,192000672,Adverb
154,class,155,388,626,クラス,クラス,191087771,Noun
155,money,156,391,47,金,かね,190205072,Noun
156,quality,157,392,2403,質,しつ,189509533,Noun
157,quality,158,392,4485,品質,ひんしつ,189509533,Noun
158,country,159,396,182,国,くに,188691168,Noun
159,visit,160,399,5238,訪問,ほうもん,187062316,Verbal Noun
160,low,161,402,4130,低,てい,184815478,Noun
161,include,162,408,5313,含める,ふくめる,182579275,Verb
162,food,163,418,219,食べ物,たべもの,180144029,Noun
163,food,164,418,2314,食物,しょくもつ,180144029,Noun
164,sale,165,425,4310,安売り,やすうり,179224570,Verbal Noun
165,print,166,427,4666,プリント,プリント,178250872,Verbal Noun
166,room,167,433,185,部屋,へや,176299905,Noun
167,stock,168,434,2434,株式,かぶしき,176295589,Noun
168,science,169,440,1197,科学,かがく,174232809,Noun
169,science,170,440,1199,理科,りか,174232809,Noun
170,science,171,440,5650,理系,りけい,174232809,Noun
171,left,172,448,85,左,ひだり,171752631,Noun
172,team,173,449,4088,チーム,チーム,171687825,Noun
173,week,174,458,57,週,しゅう,167202060,Noun
174,table,175,464,270,テーブル,テーブル,165341452,Noun
175,market,176,470,4371,マーケット,マーケット,162390150,Noun
176,library,177,471,287,図書館,としょかん,162076395,Noun
177,library,178,471,1124,図書室,としょしつ,162076395,Noun
178,series,179,475,2058,シリーズ,シリーズ,161518557,Noun
179,model,180,476,4050,モデル,モデル,161205740,Noun
180,industry,181,479,900,産業,さんぎょう,160812623,Noun
181,plan,182,480,4553,プラン,プラン,160746244,Noun
182,hot,183,487,5063,ホット,ホット,159287179,Noun
183,movie,184,490,1070,映画,えいが,158421100,Noun
184,say,185,496,2813,おっしゃる,おっしゃる,156845267,Verb
185,going,186,500,428,行き,いき,155284081,Noun
186,going,187,500,429,行き,ゆき,155284081,Noun
187,friend,188,503,4098,友人,ゆうじん,154527125,Noun
188,come,189,504,68,来る,くる,154326119,Verb
189,study,190,508,238,勉強,べんきょう,152978354,Verbal Noun
190,application,191,509,3002,応募,おうぼ,152776595,Verbal Noun
191,application,192,509,5165,適用,てきよう,152776595,Verbal Noun
192,play,193,516,289,遊ぶ,あそぶ,150748333,Verb
193,tax,194,531,2542,税金,ぜいきん,146906651,Noun
194,tax,195,531,2543,税,ぜい,146906651,Noun
195,person,196,532,88,人,ひと,146749448,Noun
196,below,197,533,2664,以下,いか,145701629,Noun
197,party,198,538,636,パーティー,パーティー,144707500,Verbal Noun
198,student,199,542,233,学生,がくせい,143590165,Noun
199,red,200,554,184,赤い,あかい,140799532,Adjective
200,give,201,555,110,あげる,あげる,140688602,Verb
201,memory,202,556,4404,物覚え,ものおぼえ,140479833,Noun
202,language,203,562,590,言語,げんご,138517992,Noun
203,sell,204,564,194,売る,うる,137696613,Verb
204,experience,205,566,892,経験,けいけん,137134662,Verbal Noun
205,young,206,571,306,若い,わかい,136341684,Adjective
206,paper,207,577,272,紙,かみ,134939426,Noun
207,club,208,582,2190,クラブ,クラブ,132428495,Noun
208,something,209,589,417,何か,なにか,131836210,Noun
209,question,210,592,243,質問,しつもん,130644510,Verbal Noun
210,hard,211,596,4296,ハード,ハード,130054708,Adjective
211,pay,212,599,252,払う,はらう,129198530,Verb
212,pay,213,599,2479,支払う,しはらう,129198530,Verb
213,four,214,600,9,四,し,129167110,Noun
214,four,215,600,11,四,よん,129167110,Noun
215,building,216,606,536,ビル,ビル,128251365,Noun
216,court,217,608,941,コート,コート,127719981,Noun
217,always,218,610,210,いつも,いつも,127634767,Adverb
218,light,219,613,2090,明かり,あかり,126699632,Noun
219,write,220,614,158,書く,かく,126645151,Verb
220,write,221,614,3414,著す,あらわす,126645151,Verb
221,blue,222,618,517,青い,あおい,126160941,Adjective
222,analysis,223,626,5527,分析,ぶんせき,124949540,Verbal Noun
223,request,224,627,5284,リクエスト,リクエスト,124620318,Verbal Noun
224,star,225,639,2381,スター,スター,122498186,Noun
225,future,226,641,702,未来,みらい,121844371,Noun
226,committee,227,643,2986,委員会,いいんかい,121345834,Noun
227,hand,228,644,104,手,て,121296661,Noun
228,sun,229,645,1435,太陽,たいよう,121218500,Noun
229,meeting,230,650,310,ミーティング,ミーティング,120814306,Noun
230,become,231,652,20,なる,なる,120495036,Verb
231,become,232,652,399,なる,なる,120495036,Verb
232,interest,233,653,3581,興味,きょうみ,120272948,Noun
233,interest,234,653,4539,利子,りし,120272948,Noun
234,interest,235,653,4789,利息,りそく,120272948,Noun
235,enter,236,657,92,入る,はいる,119394206,Verb
236,baby,237,669,679,赤ちゃん,あかちゃん,117696064,Noun
237,baby,238,669,3745,赤ん坊,あかんぼう,117696064,Noun
238,energy,239,671,2132,エネルギー,エネルギー,117451031,Noun
239,run,240,672,172,走る,はしる,117213565,Verb
240,delivery,241,673,805,配達,はいたつ,117119498,Verbal Noun
241,film,242,677,756,フィルム,フィルム,116097842,Noun
242,welcome,243,685,1941,ようこそ,ようこそ,114025350,Adverb
243,welcome,244,685,3823,歓迎,かんげい,114025350,Verbal Noun
244,head,245,692,328,頭,あたま,113316224,Noun
245,radio,246,693,716,ラジオ,ラジオ,113285624,Noun
246,color,247,696,277,色,いろ,112965658,Noun
247,color,248,696,806,カラー,カラー,112965658,Noun
248,self,249,697,3366,自身,じしん,112902176,Noun
249,society,250,711,608,社会,しゃかい,111199035,Noun
250,green,251,733,1488,緑色,みどりいろ,108287905,Noun; Na-adjective; No-adjective
251,green,252,733,2879,グリーン,グリーン,108287905,Noun
252,close,253,735,124,閉じる,とじる,107853068,Verb
253,close,254,735,5592,つぶる,つぶる,107853068,Verb
254,drive,255,737,1008,運転,うんてん,107799371,Verbal Noun
255,drive,256,737,1276,ドライブ,ドライブ,107799371,Verbal Noun
256,beach,257,757,5290,ビーチ,ビーチ,105642682,Noun
257,five,258,764,13,五,ご,104165769,Noun
258,weather,259,771,118,天気,てんき,103331913,Noun
259,land,260,773,633,土地,とち,103132933,Noun
260,window,261,777,1125,窓,まど,102711715,Noun
261,window,262,777,4782,窓口,まどぐち,102711715,Noun
262,island,263,781,4946,島,とう,102316998,Noun
263,record,264,782,661,レコード,レコード,102234743,Noun
264,calendar,265,790,1336,カレンダー,カレンダー,101303808,Noun
265,style,266,792,2282,スタイル,スタイル,101024266,Noun
266,front,267,794,4135,前方,ぜんぽう,100886343,Noun
267,early,268,801,263,早い,はやい,100013194,Adjective
268,word,269,810,4495,単語,たんご,98671341,Noun
269,adult,270,821,87,大人,おとな,97583096,Noun
270,adult,271,821,2036,大人,おとな,97583096,Adjective
271,finance,272,830,3428,金融,きんゆう,96554164,Noun
272,bad,273,841,208,悪い,わるい,95096787,Adjective
273,individual,274,842,879,個人,こじん,94815082,Noun
274,together,275,849,3207,一緒,いっしょ,94113765,Verbal Noun
275,percent,276,851,1911,パーセント,パーセント,94036312,Noun
276,fast,277,852,264,速い,はやい,93941472,Adjective
277,meet,278,859,161,会う,あう,93275872,Verb
278,meet,279,859,4183,出会う,であう,93275872,Verb
279,often,280,866,80,よく,よく,92551460,Adverb
280,often,281,866,4234,度々,たびたび,92551460,Adverb
281,bank,282,875,682,銀行,ぎんこう,91559349,Noun
282,various,283,880,1085,色々,いろいろ,91156139,Adjectival Noun
283,production,284,884,829,生産,せいさん,90612739,Verbal Noun
284,weight,285,887,803,重さ,おもさ,90506560,Noun
285,weight,286,887,2324,重量,じゅうりょう,90506560,Noun
286,weight,287,887,4082,目方,めかた,90506560,Noun
287,heart,288,889,3124,心臓,しんぞう,90249265,Adjectival Noun
288,knowledge,289,897,4966,知識,ちしき,89749339,Noun
289,camera,290,900,671,カメラ,カメラ,89324930,Noun
290,girl,291,902,2063,少女,しょうじょ,89139125,Noun
291,construction,292,904,617,工事,こうじ,88770071,Verbal Noun
292,construction,293,904,1455,建設,けんせつ,88770071,Verbal Noun
293,golf,294,908,711,ゴルフ,ゴルフ,88332962,Noun
294,receive,295,909,180,もらう,もらう,88328938,Verb
295,half,296,928,559,半分,はんぶん,86290420,Noun
296,engineering,297,931,2372,工学,こうがく,85964618,Noun
297,license,298,937,1727,免許証,めんきょしょう,85326896,Noun
298,lake,299,940,5137,湖,みずうみ,85241485,Noun
299,church,300,950,848,教会,きょうかい,84556943,Noun
300,purchase,301,952,3559,購入,こうにゅう,84333183,Verbal Noun
301,hardware,302,957,4138,ハードウェア,ハードウェア,84002445,Noun
302,fire,303,960,408,火,ひ,83845349,Noun
303,fire,304,960,613,火事,かじ,83845349,Noun
304,holiday,305,961,1628,祝日,しゅくじつ,83671730,Noun
305,death,306,967,2775,死,し,83216831,Noun
306,death,307,967,2779,死亡,しぼう,83216831,Verbal Noun
307,speed,308,969,1024,速さ,はやさ,83135749,Noun
308,speed,309,969,2091,スピード,スピード,83135749,Noun
309,face,310,973,329,顔,かお,82807978,Noun
310,face,311,973,4701,面する,めんする,82807978,Verb
311,discount,312,975,4469,値引き,ねびき,82646962,Verbal Noun
312,yellow,313,983,344,黄色い,きいろい,82024459,Adjective
313,yellow,314,983,1472,黄色,きいろ,82024459,Noun
314,stay,315,1001,5251,滞在,たいざい,80694073,Verbal Noun
315,nature,316,1002,1150,自然,しぜん,80659036,Noun
316,nature,317,1002,4527,天然,てんねん,80659036,Noun
317,summary,318,1006,5813,まとめ,まとめ,80526622,Noun
318,turn,319,1007,284,曲がる,まがる,80328029,Verb
319,growth,320,1009,2860,成長,せいちょう,79998480,Verbal Noun
320,king,321,1012,3179,王,おう,79791224,Noun
321,king,322,1012,3180,王様,おうさま,79791224,Noun
322,activity,323,1015,1017,活動,かつどう,79633609,Verbal Noun
323,employment,324,1024,1345,採用,さいよう,79105156,Verbal Noun
324,employment,325,1024,2999,雇用,こよう,79105156,Verbal Noun
325,employment,326,1024,5048,勤め先,つとめさき,79105156,Noun
326,contents,327,1031,1693,内容,ないよう,78365831,Noun
327,engine,328,1034,2074,エンジン,エンジン,78078059,Noun
328,album,329,1036,1076,アルバム,アルバム,77914316,Noun
329,stop,330,1038,2174,ストップ,ストップ,77749471,Verbal Noun
330,administration,331,1041,2939,行政,ぎょうせい,77515175,Noun
331,double,332,1046,5376,倍,ばい,77287578,Noun
332,dog,333,1047,1738,犬,いぬ,77271631,Noun
333,screen,334,1049,2629,画面,がめん,77183863,Noun
334,soon,335,1052,5983,もうじき,もうじき,77038135,Adverb
335,season,336,1060,1277,季節,きせつ,76445684,Noun
336,season,337,1060,2298,シーズン,シーズン,76445684,Noun
337,someone,338,1062,1620,誰か,だれか,76212141,Noun
338,condition,339,1067,1355,条件,じょうけん,75963033,Noun
339,organization,340,1070,1459,構成,こうせい,75604082,Verbal Noun
340,volume,341,1082,5151,ボリューム,ボリューム,74283471,Noun
341,silver,342,1087,683,銀,ぎん,74073467,Noun
342,inside,343,1090,2038,内,うち,74026748,Noun
343,addition,344,1096,919,足し算,たしざん,73434482,Verbal Noun
344,addition,345,1096,5068,追加,ついか,73434482,Verbal Noun
345,executive,346,1102,3441,幹部,かんぶ,73010727,Noun
346,gas,347,1119,606,ガス,ガス,71518871,Noun
347,six,348,1121,15,六,ろく,71366336,Noun
348,advice,349,1124,2448,アドバイス,アドバイス,71268723,Verbal Noun
349,move,350,1142,261,動く,うごく,70113140,Verb
350,division,351,1147,924,割り算,わりざん,69921273,Verbal Noun
351,machine,352,1153,1224,機械,きかい,69665958,Noun
352,logo,353,1154,4528,マーク,マーク,69529976,Verbal Noun
353,length,354,1155,653,長さ,ながさ,69469598,Noun
354,actually,355,1156,2598,実は,じつは,69444655,
355,statistics,356,1159,5130,統計,とうけい,69194446,Verbal Noun
356,capital,357,1163,1318,首都,しゅと,68991999,Noun
357,investment,358,1166,1263,投資,とうし,68891129,Verbal Noun
358,culture,359,1172,977,文化,ぶんか,68606429,Noun
359,registration,360,1181,5012,登録,とうろく,68025615,Verbal Noun
360,consumer,361,1185,2693,消費者,しょうひしゃ,67665809,Noun
361,airport,362,1187,1253,空港,くうこう,67473261,Noun
362,furniture,363,1191,2831,家具,かぐ,67398005,Noun
363,channel,364,1193,1226,チャンネル,チャンネル,67352673,Noun
364,letter,365,1194,1057,手紙,てがみ,67339854,Noun
365,summer,366,1201,197,夏,なつ,67102388,Noun
366,button,367,1205,931,ボタン,ボタン,66811153,Noun
367,male,368,1210,3830,雄,おす,66638842,Noun
368,song,369,1225,1065,歌,うた,65832126,Noun
369,idea,370,1234,2307,アイデア,アイデア,65459222,Noun
370,female,371,1236,5858,雌,めす,65407567,Noun
371,win,372,1240,246,勝つ,かつ,65264239,Verb
372,cancer,373,1244,3801,がん,がん,65078084,Noun
373,tool,374,1247,4928,道具,どうぐ,65009731,Noun
374,spring,375,1249,196,春,はる,64814116,Noun
375,schedule,376,1255,2356,スケジュール,スケジュール,64504515,Noun
376,bed,377,1260,766,ベッド,ベッド,64262881,Noun
377,police,378,1262,1384,警察,けいさつ,64198152,Noun
378,glass,379,1279,646,ガラス,ガラス,63559754,Noun
379,glass,380,1279,1131,グラス,グラス,63559754,Noun
380,sport,381,1291,551,スポーツ,スポーツ,62683851,Noun
381,animal,382,1294,1018,動物,どうぶつ,62566660,Noun
382,population,383,1297,469,人口,じんこう,62452044,Noun
383,round,384,1309,1763,丸い,まるい,61836702,Adjective
384,understand,385,1312,59,分かる,わかる,61719969,Verb
385,recently,386,1316,648,最近,さいきん,61635402,Noun
386,probably,387,1317,3640,恐らく,おそらく,61626696,Adverb
387,blood,388,1323,1692,血,ち,61348302,Noun
388,blood,389,1323,3482,血液,けつえき,61348302,Noun
389,cut,390,1324,253,切る,きる,61337417,Verb
390,cut,391,1324,2373,カット,かっと,61337417,Verbal Noun
391,transfer,392,1337,5047,転勤,てんきん,61011470,Verbal Noun
392,kitchen,393,1339,782,台所,だいどころ,60975784,Noun
393,kitchen,394,1339,3419,きっちん,きっちん,60975784,Noun
394,strong,395,1340,239,強い,つよい,60969207,Adjective
395,hospital,396,1345,1187,病院,びょういん,60720801,Noun
396,hair,397,1357,387,髪の毛,かみのけ,60054650,Noun
397,budget,398,1383,4619,予算,よさん,59106421,Noun
398,success,399,1386,1259,成功,せいこう,58986603,Verbal Noun
399,quite,400,1391,3187,結構,けっこう,58777731,Adverb
400,boy,401,1393,435,少年,しょうねん,58664244,Noun
401,beautiful,402,1397,378,美しい,うつくしい,58503804,Adjective
402,beautiful,403,1397,397,奇麗,きれい,58503804,Adjectival Noun
403,wine,404,1399,781,ワイン,ワイン,58491725,Noun
404,horse,405,1401,1739,馬,うま,58453720,Noun
405,directly,406,1413,1094,直接,ちょくせつ,58144287,Adverb
406,son,407,1417,305,息子,むすこ,58094311,Noun
407,rule,408,1419,4226,ルール,ルール,57912422,Noun
408,bring,409,1425,822,持って来る,もってくる,57608074,Verb
409,mother,410,1430,294,お母さん,おかあさん,57432704,Noun
410,mother,411,1430,4784,母親,ははおや,57432704,Noun
411,modern,412,1444,5277,モダン,モダン,57030009,Adjectival Noun
412,door,413,1449,250,ドア,ドア,56638839,Noun
413,door,414,1449,5739,扉,とびら,56638839,Noun
414,metal,415,1466,3271,金属,きんぞく,56181783,Noun
415,opinion,416,1471,1215,意見,いけん,56038634,Noun
416,abstract,417,1475,5086,抽象的,ちゅうしょうてき,55951880,Adjective
417,output,418,1477,2042,出力,しゅつりょく,55819696,Verbal Noun
418,century,419,1505,1454,世紀,せいき,54929645,Noun
419,skin,420,1509,5722,皮膚,ひふ,54789622,Noun
420,ring,421,1517,1493,指輪,ゆびわ,54342432,Noun
421,mountain,422,1521,479,山,やま,54170529,Noun
422,mailing,423,1525,4414,郵送,ゆうそう,54096391,Verbal Noun
423,vehicle,424,1526,983,乗り物,のりもの,54079229,Noun
424,floor,425,1533,1910,床,ゆか,53759851,Noun
425,morning,426,1544,138,朝,あさ,53444032,Noun
426,rest,427,1547,4076,一休み,ひとやすみ,53312008,Verbal Noun
427,protein,428,1548,5991,蛋白質,たんぱくしつ,53253798,Noun
428,pool,429,1554,826,プール,プール,53046994,Noun
429,politics,430,1556,1304,政治,せいじ,53007762,Noun
430,fish,431,1563,688,魚,さかな,52756224,Noun
431,eye,432,1566,99,目,め,52688696,Noun
432,stage,433,1572,727,段階,だんかい,52518330,Noun
433,stage,434,1572,2439,ステージ,ステージ,52518330,Noun
434,race,435,1581,2644,人種,じんしゅ,52297214,Noun
435,moving,436,1593,1590,引っ越し,ひっこし,51765877,Verbal Noun
436,winter,437,1604,199,冬,ふゆ,51483174,Noun
437,battery,438,1606,1400,電池,でんち,51449559,Noun
438,pressure,439,1608,3339,圧力,あつりょく,51407261,Noun
439,television,440,1615,461,テレビ,テレビ,51304347,Noun
440,rent,441,1637,954,家賃,やちん,50767076,Noun
441,apple,442,1643,1071,りんご,りんご,50551171,Noun
442,theory,443,1649,2843,学説,がくせつ,50276653,Noun
443,theory,444,1649,4823,理論,りろん,50276653,Noun
444,enjoy,445,1650,273,楽しむ,たのしむ,50141455,Verb
445,beginning,446,1674,552,初め,はじめ,49148844,Noun
446,beginning,447,1674,1028,開始,かいし,49148844,Verbal Noun
447,beginning,448,1674,4665,始まり,はじまり,49148844,Noun
448,father,449,1692,292,お父さん,おとうさん,48580528,Noun
449,father,450,1692,4785,父親,ちちおや,48580528,Noun
450,driver,451,1698,1009,運転手,うんてんしゅ,48463463,Noun
451,unknown,452,1702,4349,未知,みち,48325930,Noun
452,unknown,453,1702,4368,不明,ふめい,48325930,Adjectival Noun
453,restaurant,454,1704,731,レストラン,レストラン,48255033,Noun
454,teacher,455,1712,231,先生,せんせい,48002944,Noun
455,teacher,456,1712,1728,教師,きょうし,48002944,Noun
456,sometimes,457,1737,31,時々,ときどき,47402973,Adverb
457,museum,458,1744,1722,博物館,はくぶつかん,47195123,Noun
458,wife,459,1750,364,妻,つま,46946408,Noun
459,wife,460,1750,5239,女房,にょうぼう,46946408,Noun
460,ten,461,1755,23,十,じゅう,46907473,Noun
461,zone,462,1757,3407,区域,くいき,46897368,Noun
462,die,463,1763,317,死ぬ,しぬ,46745446,Verb
463,die,464,1763,1200,亡くなる,なくなる,46745446,Verb
464,literature,465,1769,4450,文学,ぶんがく,46607011,Noun
465,parent,466,1771,296,親,おや,46516265,Noun
466,definition,467,1786,4821,定義,ていぎ,46017042,Verbal Noun
467,secretary,468,1787,5190,秘書,ひしょ,46013973,Noun
468,begin,469,1805,267,始まる,はじまる,45434902,Verb
469,switch,470,1810,906,スイッチ,スイッチ,45332755,Noun
470,cup,471,1822,1631,カップ,カップ,45032014,Noun
471,demand,472,1829,3014,需要,じゅよう,44858110,Noun
472,square,473,1834,2894,正方形,せいほうけい,44784448,Noun
473,square,474,1834,4741,真四角,ましかく,44784448,Adjectival Noun
474,square,475,1834,4878,平方,へいほう,44784448,Noun
475,difference,476,1845,2459,差,さ,44546845,Noun
476,sheet,477,1853,2846,シーツ,シーツ,44295187,Noun
477,seven,478,1855,16,七,なな,44224906,Noun
478,seven,479,1855,402,七,しち,44224906,Noun
479,jump,480,1861,3012,ジャンプ,ジャンプ,44137441,Verbal Noun
480,jump,481,1861,5970,ぴょんと,ぴょんと,44137441,Adverb
481,minister,482,1870,5841,大臣,だいじん,43931892,Noun
482,fashion,483,1873,4377,ファッション,ファッション,43883676,Noun
483,chance,484,1885,4283,チャンス,チャンス,43461638,Noun
484,ball,485,1887,886,ボール,ボール,43399906,Noun
485,wind,486,1899,748,風,かぜ,42974876,Noun
486,leather,487,1913,1320,革,かわ,42714053,Noun
487,temperature,488,1916,744,温度,おんど,42645254,Noun
488,temperature,489,1916,745,気温,きおん,42645254,Noun
489,palm,490,1917,5624,てのひら,てのひら,42631203,Noun
490,patient,491,1919,1639,患者,かんじゃ,42560499,Noun
491,historical,492,1921,5200,歴史的,れきしてき,42501329,Adjective
492,perhaps,493,1926,5088,ひょっとしたら,ひょっとしたら,42450144,Adverb
493,difficult,494,1928,244,難しい,むずかしい,42436311,Adjective
494,satellite,495,1930,3155,衛星,えいせい,42379243,Noun
495,fit,496,1931,604,合う,あう,42342802,Verb
496,amateur,497,1935,2489,アマチュア,アマチュア,42265916,Noun
497,coffee,498,1942,871,コーヒー,コーヒー,42086828,Noun
498,cultural,499,1947,4863,文化的,ぶんかてき,42022443,Adjective
499,poster,500,1952,5781,ポスター,ポスター,41893537,Noun
500,ice,501,1960,1418,氷,こおり,41706145,Noun
501,pink,502,1961,1126,ピンク,ピンク,41704519,Noun
502,balance,503,1963,4258,バランス,バランス,41651718,Noun
503,bus,504,1982,621,バス,バス,41043865,Noun
504,dictionary,505,1985,1334,辞書,じしょ,40838300,Noun
505,dictionary,506,1985,2395,字引,じびき,40838300,Noun
506,dictionary,507,1985,3545,辞典,じてん,40838300,Noun
507,chair,508,1990,1991,椅子,いす,40764005,Noun
508,bag,509,1995,996,バッグ,バッグ,40671821,Noun
509,professor,510,2001,1729,教授,きょうじゅ,40572636,Noun
510,shirt,511,2004,1026,シャツ,シャツ,40501964,Noun
511,religion,512,2021,3808,宗教,しゅうきょう,40095362,Noun
512,surgery,513,2025,2769,外科,げか,40026119,Noun
513,generation,514,2030,2517,世代,せだい,39912229,Noun
514,miss,515,2032,4663,乗り遅れる,のりおくれる,39897915,Verb
515,doctor,516,2034,1190,医者,いしゃ,39845710,Noun
516,doctor,517,2034,1192,お医者さん,おいしゃさん,39845710,Noun
517,leader,518,2047,2949,首脳,しゅのう,39591949,Noun
518,diamond,519,2048,4893,ダイヤモンド,ダイヤモンド,39573067,Noun
519,soft,520,2052,1753,柔らかい,やわらかい,39440877,Adjective
520,soft,521,2052,5517,ふわふわ,ふわふわ,39440877,Adjective
521,fuel,522,2063,5489,燃料,ねんりょう,39148291,Noun
522,pocket,523,2073,956,ポケット,ポケット,38931224,Noun
523,rose,524,2075,5504,ばら,ばら,38911531,Noun
524,freedom,525,2076,1155,自由,じゆう,38909717,Adjectival Noun
525,competition,526,2078,1393,競争,きょうそう,38886455,Verbal Noun
526,fresh,527,2085,3714,新鮮,しんせん,38781893,Adjective
527,platform,528,2134,831,ホーム,ホーム,37930473,Noun
528,platform,529,2134,5032,プラットホーム,プラットホーム,37930473,Noun
529,immediately,530,2138,2575,早速,さっそく,37857880,Adverb
530,nursing,531,2140,3399,看護,かんご,37822746,Verbal Noun
531,defense,532,2141,5462,弁護,べんご,37819618,Verbal Noun
532,heavy,533,2145,222,重い,おもい,37668153,Adjective
533,heavy,534,2145,2321,重たい,おもたい,37668153,Adjective
534,orange,535,2164,1046,オレンジ,オレンジ,37316112,Noun
535,improvement,536,2173,2096,向上,こうじょう,37133738,Verbal Noun
536,improvement,537,2173,3919,改善,かいぜん,37133738,Verbal Noun
537,guitar,538,2175,1006,ギター,ギター,37106331,Noun
538,challenge,539,2185,5117,挑戦,ちょうせん,36918321,Verbal Noun
539,election,540,2198,1314,選挙,せんきょ,36728229,Verbal Noun
540,corner,541,2218,2506,コーナー,コーナー,36419737,Noun
541,birth,542,2223,5446,誕生,たんじょう,36286070,Verbal Noun
542,breakfast,543,2237,578,朝食,ちょうしょく,35991312,Noun
543,breakfast,544,2237,794,朝御飯,あさごはん,35991312,Noun
544,comparison,545,2255,5074,比較,ひかく,35683256,Verbal Noun
545,sorry,546,2263,3549,ご免,ごめん,35595812,Noun
546,opening,547,2265,3509,開放,かいほう,35538225,Verbal Noun
547,plastic,548,2272,801,プラスチック,プラスチック,35421202,Noun
548,truth,549,2276,2635,真理,しんり,35345925,Noun
549,weekend,550,2281,703,週末,しゅうまつ,35287380,Noun
550,weekend,551,2281,2039,週休,しゅうきゅう,35287380,Noun
551,weekend,552,2281,3709,ウィークエンド,ウィークエンド,35287380,Noun
552,dollar,553,2282,406,ドル,ドル,35275336,Noun
553,bridge,554,2289,1462,橋,はし,35180146,Noun
554,printing,555,2294,3245,印刷,いんさつ,35080589,Verbal Noun
555,baseball,556,2295,1439,野球,やきゅう,35068361,Noun
556,draft,557,2298,2133,下書き,したがき,35033621,Verbal Noun
557,profit,558,2314,3008,採算,さいさん,34753530,Noun
558,advertisement,559,2322,2262,広告,こうこく,34681267,Verbal Noun
559,parking,560,2324,5588,駐車,ちゅうしゃ,34672915,Verbal Noun
560,yesterday,561,2326,121,昨日,きのう,34639311,Noun
561,pattern,562,2357,4163,パターン,パターン,34124878,Noun
562,boat,563,2360,881,ボート,ボート,34104031,Noun
563,direction,564,2372,4702,方面,ほうめん,33868571,Noun
564,direction,565,2372,4738,方角,ほうがく,33868571,Noun
565,basketball,566,2374,1516,バスケットボール,バスケットボール,33848810,Noun
566,evening,567,2378,575,夕方,ゆうがた,33705304,Noun
567,brain,568,2386,5033,脳,のう,33612784,Noun
568,powerful,569,2389,2388,強力,きょうりょく,33538932,Adjectival Noun
569,dream,570,2390,1630,夢,ゆめ,33518573,Noun
570,flower,571,2395,497,花,はな,33364539,Noun
571,flag,572,2413,1843,旗,はた,33050354,Noun
572,eight,573,2439,18,八,はち,32567724,Noun
573,iron,574,2441,1566,アイロン,アイロン,32552371,Noun
574,iron,575,2441,4271,鉄,てつ,32552371,Noun
575,interview,576,2455,2290,インタビュー,インタビュー,32430752,Verbal Noun
576,interview,577,2455,4730,面接,めんせつ,32430752,Verbal Noun
577,interview,578,2455,5008,対談,たいだん,32430752,Verbal Noun
578,clearly,579,2463,526,はっきり,はっきり,32338676,Adverb
579,sweet,580,2466,359,甘い,あまい,32311923,Adjective
580,desk,581,2467,1785,机,つくえ,32311444,Noun
581,festival,582,2492,1244,祭り,まつり,31964569,Noun
582,lack,583,2498,2553,欠く,かく,31881925,Verb
583,train,584,2505,165,電車,でんしゃ,31816971,Noun
584,train,585,2505,3947,汽車,きしゃ,31816971,Noun
585,train,586,2505,5317,列車,れっしゃ,31816971,Noun
586,exactly,587,2506,3195,きっちり,きっちり,31759653,Adverb
587,dry,588,2507,1664,乾かす,かわかす,31744277,Verb
588,editorial,589,2551,2842,社説,しゃせつ,31234178,Noun
589,expression,590,2553,1052,表現,ひょうげん,31179707,Verbal Noun
590,speech,591,2557,2904,スピーチ,スピーチ,31119662,Noun
591,tape,592,2565,5010,録音テープ,ろくおんテープ,30941382,Noun
592,fight,593,2575,5846,闘う,たたかう,30784313,Verb
593,height,594,2577,547,高さ,たかさ,30745406,Noun
594,zero,595,2579,1121,ゼロ,ゼロ,30735412,Noun
595,speaker,596,2580,2556,スピーカー,スピーカー,30732820,Noun
596,marriage,597,2594,309,結婚,けっこん,30592140,Verbal Noun
597,bath,598,2601,1948,風呂,ふろ,30537308,Noun
598,theater,599,2609,3529,劇場,げきじょう,30446816,Noun
599,healthy,600,2615,1700,健康,けんこう,30360623,Adjectival Noun
600,translation,601,2616,5283,翻訳,ほんやく,30346495,Verbal Noun
601,injury,602,2620,1892,怪我,けが,30291773,Verbal Noun
602,birthday,603,2634,1627,誕生日,たんじょうび,30169763,Noun
603,jazz,604,2652,2663,ジャズ,ジャズ,29920842,Noun
604,representative,605,2670,1053,代表,だいひょう,29810467,Verbal Noun
605,extreme,606,2685,3205,極端,きょくたん,29694906,Adjectival Noun
606,row,607,2691,3969,漕ぐ,こぐ,29649598,Verb
607,sleep,608,2705,1867,眠る,ねむる,29491537,Verb
608,famous,609,2717,785,有名,ゆうめい,29332023,Adjectival Noun
609,writer,610,2718,5773,筆者,ひっしゃ,29320566,Noun
610,violence,611,2720,5628,乱暴,らんぼう,29309829,Verbal Noun
611,drink,612,2724,145,飲む,のむ,29254937,Verb
612,eat,613,2728,144,食べる,たべる,29237400,Verb
613,agriculture,614,2730,1579,農業,のうぎょう,29217130,Noun
614,practical,615,2735,2757,実用的,じつようてき,29138914,Adjective
615,seat,616,2740,2549,座席,ざせき,29066336,Noun
616,philosophy,617,2747,5934,哲学,てつがく,28960643,Noun
617,ticket,618,2771,952,切符,きっぷ,28767435,Noun
618,ticket,619,2771,1216,チケット,チケット,28767435,Noun
619,ticket,620,2771,2515,券,けん,28767435,Noun
620,import,621,2780,1490,輸入,ゆにゅう,28629840,Verbal Noun
621,moon,622,2801,45,月,つき,28374261,Noun
622,participation,623,2802,1357,参加,さんか,28366095,Verbal Noun
623,participation,624,2802,2153,出場,しゅつじょう,28366095,Verbal Noun
624,fly,625,2806,322,飛ぶ,とぶ,28279478,Verb
625,fly,626,2806,5681,はえ,はえ,28279478,Noun
626,combination,627,2810,2973,組み合わせ,くみあわせ,28247444,Noun
627,fear,628,2824,3639,恐れる,おそれる,28042145,Verb
628,bonus,629,2844,4446,ボーナス,ボーナス,27819488,Noun
629,smoking,630,2856,3686,喫煙,きつえん,27526627,Verbal Noun
630,dress,631,2868,4736,ドレス,ドレス,27318959,Noun
631,dress,632,2868,4887,ワンピース,ワンピース,27318959,Noun
632,happen,633,2877,352,起こる,おこる,27207887,Verb
633,clothes,634,2888,291,服,ふく,27037465,Noun
634,newspaper,635,2896,754,新聞,しんぶん,26933746,Noun
635,circuit,636,2898,2411,回路,かいろ,26917865,Noun
636,nine,637,2910,21,九,きゅう,26807668,Noun
637,nine,638,2910,403,九,く,26807668,Noun
638,promotion,639,2926,2982,推進,すいしん,26651461,Verbal Noun
639,importance,640,2946,614,大事,だいじ,26451992,Adjectival Noun
640,rain,641,2947,514,雨,あめ,26419979,Noun
641,tennis,642,2960,921,テニス,テニス,26272328,Verbal Noun
642,bedroom,643,2963,3229,寝室,しんしつ,26229848,Noun
643,empty,644,2964,2053,空っぽ,からっぽ,26206017,Adjectival Noun
644,hole,645,2966,1887,穴,あな,26199070,Noun
645,pair,646,2978,4839,対,つい,26036703,Noun
646,ideal,647,2979,5083,理想,りそう,26036289,Noun
647,stress,648,2989,2414,ストレス,ストレス,25899885,Noun
648,cream,649,2990,3161,クリーム,クリーム,25898758,Noun
649,encyclopedia,650,3030,5563,百科事典,ひゃっかじてん,25451297,Noun
650,usage,651,3031,2212,使用,しよう,25440406,Verbal Noun
651,ink,652,3033,1351,インク,インク,25435469,Noun
652,wheel,653,3043,3210,車輪,しゃりん,25342937,Noun
653,salt,654,3047,1574,塩,しお,25320518,Noun
654,poetry,655,3049,3662,詩,し,25311298,Noun
655,bell,656,3053,1346,ベル,ベル,25283918,Noun
656,noise,657,3061,5589,騒音,そうおん,25171520,Noun
657,climate,658,3069,2945,気候,きこう,25096136,Noun
658,kill,659,3096,1388,殺す,ころす,24850951,Verb
659,mathematics,660,3097,873,数学,すうがく,24809371,Noun
660,export,661,3101,1492,輸出,ゆしゅつ,24762260,Verbal Noun
661,coach,662,3126,2431,コーチ,コーチ,24514961,Verbal Noun
662,audience,663,3131,3888,観衆,かんしゅう,24472658,Noun
663,expenses,664,3158,4307,費用,ひよう,24251012,Noun
664,lose,665,3169,247,負ける,まける,24136984,Verb
665,chemistry,666,3184,2530,化学,かがく,24049713,Noun
666,neighborhood,667,3186,780,近所,きんじょ,24047400,Noun
667,anyway,668,3192,4647,どうせ,どうせ,24005157,Adverb
668,logic,669,3198,4825,論理,ろんり,23989892,Noun
669,circle,670,3201,27,円,えん,23962760,Noun
670,circumstances,671,3209,793,都合,つごう,23915696,Noun
671,cooking,672,3219,3695,炊事,すいじ,23831058,Verbal Noun
672,arm,673,3230,391,腕,うで,23724057,Noun
673,chocolate,674,3267,1221,チョコレート,チョコレート,23379199,Noun
674,cotton,675,3274,1782,木綿,もめん,23279423,Noun
675,cotton,676,3274,5652,綿,めん,23279423,Noun
676,notebook,677,3295,1859,手帳,てちょう,23102539,Noun
677,husband,678,3301,363,夫,おっと,23064889,Noun
678,concert,679,3307,2207,コンサート,コンサート,23023737,Noun
679,efficiency,680,3311,2810,効率,こうりつ,23005937,Noun
680,efficiency,681,3311,4924,能率,のうりつ,23005937,Noun
681,comedy,682,3313,3531,喜劇,きげき,22993280,Noun
682,visa,683,3326,951,ビザ,ビザ,22903835,Noun
683,mouth,684,3327,101,口,くち,22880351,Noun
684,fruit,685,3342,1144,果物,くだもの,22767191,Noun
685,fruit,686,3342,5756,フルーツ,フルーツ,22767191,Noun
686,reform,687,3345,1319,改革,かいかく,22751438,Verbal Noun
687,lens,688,3346,4458,レンズ,レンズ,22737367,Noun
688,draw,689,3350,3501,描く,えがく,22705371,Verb
689,warm,690,3359,204,暖かい,あたたかい,22645772,Adjective
690,objective,691,3381,3146,客観的,きゃっかんてき,22472623,Adjective
691,sugar,692,3383,1577,砂糖,さとう,22450333,Noun
692,slide,693,3394,2805,スライド,スライド,22339084,Verbal Noun
693,formal,694,3408,2756,形式的,けいしきてき,22274656,Adjective
694,storm,695,3413,3938,嵐,あらし,22242164,Noun
695,bowl,696,3423,5711,丼,どんぶり,22118861,Noun
696,paint,697,3445,4817,ペンキ,ペンキ,21926890,Noun
697,pilot,698,3447,4422,パイロット,パイロット,21909830,Noun
698,mirror,699,3498,1714,鏡,かがみ,21539161,Noun
699,catalogue,700,3511,2655,カタログ,カタログ,21424300,Noun
700,hate,701,3527,1770,大嫌い,だいきらい,21274675,Adjectival Noun
701,tomorrow,702,3565,523,明日,あした,20976724,Noun
702,tomorrow,703,3565,4106,明日,みょうにち,20976724,Noun
703,milk,704,3567,1862,牛乳,ぎゅうにゅう,20955909,Noun
704,contest,705,3575,2954,コンテスト,コンテスト,20857011,Noun
705,absolutely,706,3582,3621,絶対,ぜったい,20816571,Adverb
706,lunch,707,3584,577,昼食,ちゅうしょく,20807419,Noun
707,lunch,708,3584,1696,ランチ,ランチ,20807419,Noun
708,muscle,709,3591,3750,筋,すじ,20752802,Noun
709,tower,710,3599,4799,そびえる,そびえる,20686918,Verb
710,chicken,711,3605,1837,鶏,にわとり,20655046,Noun
711,shower,712,3608,1396,シャワー,シャワー,20638340,Noun
712,governor,713,3623,4348,知事,ちじ,20494068,Noun
713,swimming,714,3628,1408,水泳,すいえい,20456063,Verbal Noun
714,northwest,715,3641,4112,北西,ほくせい,20337289,Noun
715,classroom,716,3648,1123,教室,きょうしつ,20274797,Noun
716,democracy,717,3650,4819,民主,みんしゅ,20255935,Noun
717,classification,718,3692,4719,分類,ぶんるい,19930633,Verbal Noun
718,suit,719,3709,1211,スーツ,スーツ,19820586,Noun
719,comfortable,720,3746,4723,ゆったり,ゆったり,19520487,Adverb
720,treat,721,3758,1841,ごちそうする,ごちそうする,19442315,Verb
721,treat,722,3758,3037,おごる,おごる,19442315,Verb
722,piano,723,3763,811,ピアノ,ピアノ,19419956,Noun
723,revolution,724,3771,2961,革命,かくめい,19349788,Noun
724,acquisition,725,3794,3831,獲得,かくとく,19174010,Verbal Noun
725,notification,726,3802,4350,通知,つうち,19120218,Verbal Noun
726,sensitive,727,3826,5831,敏感,びんかん,18984710,Adjectival Noun
727,concrete,728,3834,2149,コンクリート,コンクリート,18948140,Noun
728,completion,729,3841,3431,完了,かんりょう,18906369,Verbal Noun
729,pearl,730,3864,3961,真珠,しんじゅ,18707334,Noun
730,smooth,731,3880,3643,すべすべ,すべすべ,18633567,Adverb
731,strike,732,3884,2705,ストライキ,ストライキ,18621050,Noun
732,hundred,733,3926,24,百,ひゃく,18339491,Noun
733,bathroom,734,3946,784,便所,べんじょ,18235238,Noun
734,bathroom,735,3946,5930,風呂場,ふろば,18235238,Noun
735,humor,736,3971,4786,ユーモア,ユーモア,18085495,Noun
736,exception,737,3974,5320,例外,れいがい,18051815,Noun
737,seed,738,4013,4718,種,たね,17788166,Noun
738,welfare,739,4022,5358,福祉,ふくし,17755487,Noun
739,conclusion,740,4037,2737,結論,けつろん,17670602,Verbal Noun
740,thousand,741,4040,25,千,せん,17654340,Noun
741,formation,742,4063,2862,形成,けいせい,17548170,Verbal Noun
742,forever,743,4085,2331,いつまでも,いつまでも,17381863,Adverb
743,captain,744,4088,4942,船長,せんちょう,17372103,Noun
744,heating,745,4092,1484,暖房,だんぼう,17363382,Verbal Noun
745,neck,746,4094,327,首,くび,17354931,Noun
746,stereo,747,4101,1456,ステレオ,ステレオ,17319174,Noun
747,belt,748,4121,1376,ベルト,ベルト,17247395,Noun
748,excess,749,4133,5377,超過,ちょうか,17149887,Verbal Noun
749,angle,750,4157,2652,角度,かくど,17016075,Noun
750,garage,751,4179,3122,車庫,しゃこ,16906398,Noun
751,unfortunately,752,4184,2995,あいにく,あいにく,16863887,Adverb
752,prayer,753,4201,3909,祈り,いのり,16762869,Noun
753,cheese,754,4213,1271,チーズ,チーズ,16704436,Noun
754,underground,755,4221,4222,地下,ちか,16642137,Noun
755,diagnosis,756,4222,3490,診断,しんだん,16638749,Verbal Noun
756,crack,757,4224,5107,ひび,ひび,16633701,Noun
757,cake,758,4242,1196,ケーキ,ケーキ,16526639,Noun
758,pen,759,4269,1086,ペン,ペン,16371249,Noun
759,pipe,760,4312,4314,パイプ,パイプ,16178319,Noun
760,lecture,761,4316,3561,講演,こうえん,16166157,Verbal Noun
761,lecture,762,4316,3562,講義,こうぎ,16166157,Verbal Noun
762,classics,763,4322,3544,古典,こてん,16132917,Noun
763,dirty,764,4328,336,汚い,きたない,16101662,Adjective
764,exhibition,765,4350,5839,展覧会,てんらんかい,16007404,Noun
765,cabinet,766,4353,5845,内閣,ないかく,15989585,Noun
766,composition,767,4365,2656,作曲,さっきょく,15940860,Verbal Noun
767,purple,768,4374,1950,紫,むらさき,15903838,Noun
768,prison,769,4390,3856,刑務所,けいむしょ,15837188,Noun
769,desert,770,4409,3332,砂漠,さばく,15732752,Noun
770,impossible,771,4446,4366,不可能,ふかのう,15545255,Adjectival Noun
771,tissue,772,4466,1711,ティッシュ,ティッシュ,15448105,Noun
772,explanation,773,4474,1238,説明,せつめい,15397428,Verbal Noun
773,arrival,774,4484,5594,到着,とうちゃく,15370734,Verbal Noun
774,expense,775,4510,2429,経費,けいひ,15193823,Noun
775,establishment,776,4542,2806,確立,かくりつ,15070667,Verbal Noun
776,establishment,777,4542,3190,設置,せっち,15070667,Verbal Noun
777,mayor,778,4552,2299,市長,しちょう,15030847,Noun
778,pour,779,4561,3892,さす,さす,15002685,Verb
779,dust,780,4566,5158,ちり,ちり,14993121,Noun
780,dust,781,4566,5447,ほこり,ほこり,14993121,Noun
781,occupation,782,4578,3018,職業,しょくぎょう,14955527,Noun
782,diary,783,4586,326,日記,にっき,14922472,Noun
783,ward,784,4608,2306,区,く,14828169,Noun
784,roof,785,4613,1678,屋根,やね,14809282,Noun
785,kiss,786,4618,3070,キス,キス,14790481,Verbal Noun
786,experiment,787,4622,1037,実験,じっけん,14781439,Verbal Noun
787,absence,788,4642,4668,不在,ふざい,14681896,Noun
788,copper,789,4678,5547,銅,どう,14543941,Noun
789,receipt,790,4688,1701,レシート,レシート,14513169,Noun
790,receipt,791,4688,2330,受け取り,うけとり,14513169,Noun
791,southwest,792,4698,4109,南西,なんせい,14437691,Noun
792,boss,793,4699,3557,上司,じょうし,14436477,Noun
793,pride,794,4700,4931,プライド,プライド,14428078,Noun
794,uniform,795,4721,2675,制服,せいふく,14345220,Noun
795,intelligent,796,4767,2688,インテリ,インテリ,14136076,Noun
796,aluminum,797,4787,2456,アルミニウム,アルミニウム,14077377,Noun
797,repeat,798,4802,1497,繰り返す,くりかえす,14024814,Verb
798,flood,799,4817,2017,大水,おおみず,13979267,Noun
799,announcement,800,4827,1050,発表,はっぴょう,13951272,Verbal Noun
800,smile,801,4842,1526,にこにこ,にこにこ,13893537,Adverb
801,smile,802,4842,5800,ほほえむ,ほほえむ,13893537,Verb
802,divorce,803,4862,1465,離婚,りこん,13803408,Verbal Noun
803,complaint,804,4888,5789,文句,もんく,13703047,Noun
804,scholarship,805,4896,3899,奨学金,しょうがくきん,13667978,Noun
805,burn,806,4915,1657,燃える,もえる,13602754,Verb
806,burn,807,4915,1791,やけど,やけど,13602754,Verbal Noun
807,burn,808,4915,5490,燃やす,もやす,13602754,Verb
808,bread,809,4920,846,パン,パン,13575360,Noun
809,wooden,810,4922,4546,木造,もくぞう,13564576,Noun
810,lie,811,4929,1957,嘘,うそ,13533542,Noun
811,conversation,812,4932,602,会話,かいわ,13527150,Verbal Noun
812,chest,813,4935,372,胸,むね,13516414,Noun
813,weak,814,4981,241,弱い,よわい,13347842,Adjective
814,geography,815,5002,4280,地理,ちり,13258481,Noun
815,discrimination,816,5007,2749,差別,さべつ,13237807,Verbal Noun
816,vitamin,817,5014,5296,ビタミン,ビタミン,13204687,Noun
817,paradise,818,5022,4263,天国,てんごく,13186910,Noun
818,leaf,819,5029,1683,葉,は,13159307,Noun
819,leaf,820,5029,5511,葉っぱ,はっぱ,13159307,Noun
820,silk,821,5051,3648,絹,きぬ,13099161,Noun
821,romantic,822,5059,5466,ロマンチック,ロマンチック,13055842,Adjective
822,examine,823,5064,5530,診る,みる,13030604,Verb
823,sad,824,5071,377,悲しい,かなしい,13010129,Adjective
824,slowly,825,5074,726,ゆっくり,ゆっくり,13000552,Adverb
825,rugby,826,5077,4484,ラグビー,ラグビー,12992179,Noun
826,kick,827,5089,1932,蹴る,ける,12941649,Verb
827,pot,828,5100,1794,鍋,なべ,12927383,Noun
828,earrings,829,5134,1581,イヤリング,イヤリング,12822060,Noun
829,passenger,830,5142,2540,乗客,じょうきゃく,12804602,Noun
830,egg,831,5154,1737,卵,たまご,12766528,Noun
831,robot,832,5191,426,ロボット,ロボット,12656312,Noun
832,wash,833,5204,1412,洗う,あらう,12612759,Verb
833,entrance,834,5207,472,入り口,いりぐち,12610212,Noun
834,illness,835,5235,316,病気,びょうき,12539579,Verbal Noun
835,southeast,836,5238,4110,南東,なんとう,12520872,Noun
836,soap,837,5253,2000,石鹸,せっけん,12485378,Noun
837,jam,838,5259,1606,ジャム,ジャム,12468316,Noun
838,increasingly,839,5266,4044,ますます,ますます,12442507,Adverb
839,axis,840,5277,3869,軸,じく,12399723,Noun
840,hero,841,5294,3829,英雄,えいゆう,12343606,Noun
841,pace,842,5321,4465,ペース,ペース,12247704,Noun
842,observation,843,5336,3151,観測,かんそく,12217876,Verbal Noun
843,confirmation,844,5354,1220,確認,かくにん,12157725,Verbal Noun
844,supervisor,845,5358,5045,担任,たんにん,12154591,Verbal Noun
845,antenna,846,5371,2248,アンテナ,アンテナ,12115794,Noun
846,departure,847,5374,1048,出発,しゅっぱつ,12111116,Verbal Noun
847,shoulder,848,5380,388,肩,かた,12100130,Noun
848,diameter,849,5388,5709,直径,ちょっけい,12059691,Noun
849,doll,850,5390,1087,人形,にんぎょう,12047864,Noun
850,singer,851,5399,1067,歌手,かしゅ,12021075,Noun
851,rapidly,852,5427,5958,にわかに,にわかに,11959135,Adverb
852,jeans,853,5445,2888,ジーパン,ジーパン,11896655,Noun
853,mood,854,5454,4359,ムード,ムード,11868381,Noun
854,favor,855,5455,324,お願い,おねがい,11867822,Verbal Noun
855,arrive,856,5474,988,着く,つく,11812688,Verb
856,sunset,857,5476,4057,日の入り,ひのいり,11802197,Noun
857,coal,858,5528,3447,石炭,せきたん,11625191,Noun
858,zoo,859,5536,1243,動物園,どうぶつえん,11589578,Noun
859,arrow,860,5545,5657,矢印,やじるし,11563142,Noun
860,suddenly,861,5557,5964,ぴたりと,ぴたりと,11523262,Adverb
861,oxygen,862,5558,3442,酸素,さんそ,11522424,Noun
862,sleeve,863,5580,1977,袖,そで,11444961,Noun
863,beef,864,5584,685,牛肉,ぎゅうにく,11441469,Noun
864,crowd,865,5598,3716,群集,ぐんしゅう,11409218,Verbal Noun
865,crowd,866,5598,4592,人込み,ひとごみ,11409218,Noun
866,personality,867,5611,2245,人格,じんかく,11361835,Noun
867,rainbow,868,5612,5938,虹,にじ,11360882,Noun
868,gloves,869,5616,1849,手袋,てぶくろ,11347457,Noun
869,cord,870,5619,2423,コード,コード,11338350,Noun
870,cloud,871,5621,1440,雲,くも,11337220,Noun
871,knife,872,5631,1031,ナイフ,ナイフ,11297715,Noun
872,shelf,873,5634,1787,棚,たな,11287023,Noun
873,bookstore,874,5635,2226,書店,しょてん,11285387,Noun
874,crop,875,5648,2313,作物,さくもつ,11244764,Noun
875,sing,876,5694,275,歌う,うたう,11114001,Verb
876,perfume,877,5696,3872,香水,こうすい,11109790,Noun
877,sue,878,5705,1642,訴える,うったえる,11086374,Verb
878,hang,879,5712,5971,吊るす,つるす,11077672,Verb
879,hiking,880,5726,1551,ハイキング,ハイキング,11020291,Verbal Noun
880,photograph,881,5732,1075,写真,しゃしん,11014717,Noun
881,suicide,882,5742,3076,自殺,じさつ,10996226,Verbal Noun
882,logical,883,5754,4859,論理的,ろんりてき,10970564,Adjective
883,automobile,884,5767,1149,自動車,じどうしゃ,10939225,Noun
884,northeast,885,5773,4114,北東,ほくとう,10929164,Noun
885,railway,886,5797,4269,鉄道,てつどう,10853755,Noun
886,mistake,887,5805,4390,ミス,ミス,10841486,Verbal Noun
887,sunglasses,888,5812,3186,サングラス,サングラス,10831524,Noun
888,stem,889,5836,3732,茎,くき,10775393,Noun
889,translate,890,5846,1538,訳す,やくす,10756065,Verb
890,broadcasting,891,5890,1709,放送,ほうそう,10660304,Verbal Noun
891,tail,892,5936,3700,尾,お,10557843,Noun
892,underwear,893,5942,990,下着,したぎ,10546819,Noun
893,underwear,894,5942,5749,肌着,はだぎ,10546819,Noun
894,nose,895,5959,389,鼻,はな,10507356,Noun
895,nylon,896,5992,1206,ナイロン,ナイロン,10410171,Noun
896,ceiling,897,6000,1810,天井,てんじょう,10391461,Noun
897,differ,898,6074,1270,異なる,ことなる,10224024,Verb
898,breath,899,6080,2691,息,いき,10208731,Noun
899,candle,900,6085,5926,ろうそく,ろうそく,10193393,Noun
900,panties,901,6118,5510,パンティー,パンティー,10120827,Noun
901,sisters,902,6121,2687,姉妹,しまい,10116284,Noun
902,soldier,903,6153,5613,兵士,へいし,10032017,Noun
903,bomb,904,6158,5625,爆弾,ばくだん,10028218,Noun
904,interval,905,6160,544,間,あいだ,10026043,Noun
905,brush,906,6165,5353,ブラシ,ブラシ,10018684,Noun
906,tongue,907,6177,1825,舌,した,10002563,Noun
907,skirt,908,6185,1081,スカート,スカート,9981485,Noun
908,suspect,909,6236,3820,怪しむ,あやしむ,9889728,Verb
909,cloth,910,6280,5782,布,ぬの,9764137,Noun
910,butter,911,6299,1321,バター,バター,9727172,Noun
911,pepper,912,6300,3635,こしょう,こしょう,9725001,Noun
912,bow,913,6335,1840,お辞儀,おじぎ,9663748,Verbal Noun
913,toilet,914,6347,791,トイレ,トイレ,9622554,Noun
914,calculation,915,6372,917,計算,けいさん,9564034,Verbal Noun
915,necklace,916,6411,1481,ネックレス,ネックレス,9492391,Noun
916,footwear,917,6440,5736,履物,はきもの,9454184,Noun
917,demonstration,918,6500,4119,デモ,デモ,9347680,Noun
918,graduation,919,6504,1348,卒業,そつぎょう,9345222,Verbal Noun
919,brake,920,6517,4384,ブレーキ,ブレーキ,9321885,Noun
920,pond,921,6565,1399,池,いけ,9223378,Noun
921,dam,922,6578,4502,ダム,ダム,9204248,Noun
922,separately,923,6580,1175,別々,べつべつ,9199179,Adjectival Noun
923,separately,924,6580,5025,ばらばら,ばらばら,9199179,Adverb
924,tire,925,6587,4584,タイヤ,タイヤ,9192117,Noun
925,friendship,926,6595,3920,親善,しんぜん,9175451,Noun
926,friendship,927,6595,4330,友情,ゆうじょう,9175451,Noun
927,passport,928,6597,991,パスポート,パスポート,9170570,Noun
928,scales,929,6608,5693,はかり,はかり,9162147,Noun
929,somehow,930,6615,4836,どうにか,どうにか,9149642,Adverb
930,homework,931,6634,1118,宿題,しゅくだい,9116821,Noun
931,treaty,932,6651,3019,条約,じょうやく,9086189,Noun
932,lemon,933,6659,1266,レモン,レモン,9066930,Noun
933,joke,934,6675,1885,冗談,じょうだん,9043968,Noun
934,celebrate,935,6691,1629,お祝い,おいわい,9010814,Verbal Noun
935,bench,936,6699,4824,ベンチ,ベンチ,8992211,Noun
936,radius,937,6704,5710,半径,はんけい,8985161,Noun
937,salad,938,6737,1366,サラダ,サラダ,8923706,Noun
938,veteran,939,6768,4440,ベテラン,ベテラン,8886185,Noun
939,landing,940,6770,5228,着陸,ちゃくりく,8882585,Verbal Noun
940,reunion,941,6789,3506,再会,さいかい,8840817,Verbal Noun
941,float,942,6803,3111,浮かぶ,うかぶ,8808655,Verb
942,float,943,6803,3114,浮く,うく,8808655,Verb
943,equality,944,6824,4884,同等,どうとう,8776326,Noun
944,companion,945,6838,4996,連れ,つれ,8745556,Noun
945,swim,946,6845,1407,泳ぐ,およぐ,8739102,Verb
946,tunnel,947,6860,4251,トンネル,トンネル,8697960,Noun
947,wheat,948,6869,3691,小麦,こむぎ,8685589,Noun
948,wheat,949,6869,5715,麦,むぎ,8685589,Noun
949,distribute,950,6874,804,配る,くばる,8678754,Verb
950,bee,951,6885,5992,蜂,はち,8659734,Noun
951,bride,952,6890,5797,花嫁,はなよめ,8650665,Noun
952,scientist,953,6924,2766,科学者,かがくしゃ,8600655,Noun
953,inflation,954,6943,3701,インフレーション,インフレーション,8567769,Noun
954,knee,955,7034,1916,ひざ,ひざ,8426957,Noun
955,rarely,956,7073,971,めったに,めったに,8361371,Adverb
956,rarely,957,7073,5838,まれ,まれ,8361371,Adjective
957,bicycle,958,7084,311,自転車,じてんしゃ,8344882,Noun
958,humidity,959,7097,3131,湿度,しつど,8321426,Noun
959,protest,960,7148,3629,抗議,こうぎ,8243564,Verbal Noun
960,invention,961,7155,4677,発明,はつめい,8227022,Verbal Noun
961,nickname,962,7156,3668,あだ名,あだな,8226050,Noun
962,cancellation,963,7191,2838,キャンセル,キャンセル,8183513,Verbal Noun
963,butterfly,964,7213,5962,蝶蝶,ちょうちょう,8141617,Noun
964,uncle,965,7224,1141,おじ,おじ,8127694,Noun
965,uncle,966,7224,1371,おじさん,おじさん,8127694,Noun
966,reflection,967,7228,4833,反映,はんえい,8121245,Verbal Noun
967,reflection,968,7228,5392,反射,はんしゃ,8121245,Verbal Noun
968,invitation,969,7232,1613,招待,しょうたい,8116098,Verbal Noun
969,journalism,970,7287,2896,ジャーナリズム,ジャーナリズム,8029164,Noun
970,frog,971,7293,2746,かえる,かえる,8019592,Noun
971,grammar,972,7294,4529,文法,ぶんぽう,8019137,Noun
972,semiconductor,973,7309,5399,半導体,はんどうたい,7994769,Noun
973,ribbon,974,7334,1446,リボン,リボン,7949592,Noun
974,impression,975,7353,3242,印象,いんしょう,7926329,Noun
975,transparent,976,7379,5398,透明,とうめい,7885356,Adjectival Noun
976,boom,977,7386,4075,ブーム,ブーム,7869145,Noun
977,fork,978,7405,1461,フォーク,フォーク,7839872,Noun
978,twins,979,7430,5921,双子,ふたご,7815027,Noun
979,triangle,980,7435,1097,三角,さんかく,7808241,Noun
980,triangle,981,7435,2653,三角形,さんかくけい,7808241,Noun
981,hydrogen,982,7446,3445,水素,すいそ,7782756,Noun
982,tray,983,7455,5906,盆,ぼん,7752079,Noun
983,bat,984,7477,5013,バット,バット,7725300,Noun
984,embassy,985,7511,1114,大使館,たいしかん,7669494,Noun
985,indirect,986,7518,2650,間接,かんせつ,7660350,Noun
986,wool,987,7520,1531,ウール,ウール,7657081,Noun
987,volleyball,988,7524,1326,バレーボール,バレーボール,7652654,Noun
988,horizon,989,7527,2760,水平線,すいへいせん,7648930,Noun
989,horizon,990,7527,4875,地平線,ちへいせん,7648930,Noun
990,karaoke,991,7582,2580,カラオケ,カラオケ,7568648,Noun
991,trap,992,7583,5956,挟む,はさむ,7568482,Verb
992,vegetable,993,7658,690,野菜,やさい,7470219,Noun
993,humanities,994,7661,2773,人文科学,じんぶんかがく,7465314,Noun
994,scratch,995,7665,3978,掻く,かく,7457515,Verb
995,belly,996,7749,5518,腹,はら,7346354,Noun
996,thumb,997,7799,2683,親指,おやゆび,7284386,Noun
997,stomach,998,7838,300,おなか,おなか,7234044,Noun
998,stomach,999,7838,1689,胃,い,7234044,Noun
999,fate,1000,7888,2965,運命,うんめい,7163528,Noun
1000,battlefield,1001,7920,3082,戦場,せんじょう,7124495,Noun
1001,envelope,1002,7956,1868,封筒,ふうとう,7082265,Noun
1002,disco,1003,7965,4691,ディスコ,ディスコ,7067687,Noun
1003,pig,1004,7993,1834,豚,ぶた,7028841,Noun
1004,imagination,1005,7999,5084,想像,そうぞう,7019006,Verbal Noun
1005,actress,1006,8008,3357,女優,じょゆう,7010056,Noun
1006,chorus,1007,8026,3873,合唱,がっしょう,6994116,Verbal Noun
1007,rhythm,1008,8028,4654,リズム,リズム,6993833,Noun
1008,rope,1009,8050,4496,ロープ,ロープ,6947989,Noun
1009,unexpected,1010,8101,2276,思いがけない,おもいがけない,6891123,Adjective
1010,characteristic,1011,8104,4845,特色,とくしょく,6889575,Noun
1011,defeat,1012,8135,5098,破る,やぶる,6851628,Verb
1012,sunrise,1013,8162,4061,日の出,ひので,6825721,Noun
1013,fur,1014,8165,3698,毛皮,けがわ,6824491,Noun
1014,affiliation,1015,8173,3645,系列,けいれつ,6800211,Noun
1015,thickness,1016,8197,1584,厚さ,あつさ,6777013,Noun
1016,genius,1017,8200,4354,天才,てんさい,6770764,Noun
1017,balloon,1018,8246,4944,風船,ふうせん,6719614,Noun
1018,ham,1019,8250,1556,ハム,ハム,6710254,Noun
1019,peninsula,1020,8354,4945,半島,はんとう,6592516,Noun
1020,tent,1021,8402,876,テント,テント,6542394,Noun
1021,questionnaire,1022,8405,2348,アンケート,アンケート,6539764,Noun
1022,earthquake,1023,8449,1443,地震,じしん,6498726,Noun
1023,poet,1024,8482,3663,詩人,しじん,6466394,Noun
1024,surname,1025,8484,787,名字,みょうじ,6464687,Noun
1025,potato,1026,8549,1861,ジャガイモ,ジャガイモ,6397517,Noun
1026,onion,1027,8560,5927,玉ねぎ,たまねぎ,6384730,Noun
1027,sandwich,1028,8563,1521,サンドイッチ,サンドイッチ,6382356,Noun
1028,girlfriend,1029,8568,1586,ガールフレンド,ガールフレンド,6379028,Noun
1029,textbook,1030,8617,1198,教科書,きょうかしょ,6332509,Noun
1030,lighter,1031,8657,1386,ライター,ライター,6287712,Noun
1031,pillow,1032,8672,1956,枕,まくら,6267773,Noun
1032,marathon,1033,8736,4471,マラソン,マラソン,6184918,Noun
1033,ant,1034,8737,3601,あり,あり,6182704,Noun
1034,gasoline,1035,8741,2365,ガソリン,ガソリン,6179239,Noun
1035,badge,1036,8768,4950,バッジ,バッジ,6145138,Noun
1036,wrist,1037,8769,5031,手首,てくび,6143580,Noun
1037,tremendous,1038,8774,5966,物凄い,ものすごい,6136813,Adjective
1038,postcard,1039,8793,1685,葉書,はがき,6117094,Noun
1039,elephant,1040,8794,5085,象,ぞう,6116985,Noun
1040,scholar,1041,8798,2694,学者,がくしゃ,6106465,Noun
1041,ambassador,1042,8832,4301,大使,たいし,6071252,Noun
1042,phenomenon,1043,8866,3041,現象,げんしょう,6041881,Noun
1043,pork,1044,8947,1835,豚肉,ぶたにく,5973507,Noun
1044,frost,1045,8985,3885,霜,しも,5940685,Noun
1045,stationery,1046,9012,1485,文房具,ぶんぼうぐ,5923389,Noun
1046,cliff,1047,9036,3937,崖,がけ,5898886,Noun
1047,journalist,1048,9042,2273,ジャーナリスト,ジャーナリスト,5895302,Noun
1048,yen,1049,9150,28,円,えん,5792863,Noun
1049,refrigerator,1050,9208,1424,冷蔵庫,れいぞうこ,5726901,Noun
1050,sacrifice,1051,9280,3744,犠牲,ぎせい,5670665,Noun
1051,emperor,1052,9295,5929,天皇,てんのう,5660656,Noun
1052,tomato,1053,9324,1316,トマト,トマト,5630352,Noun
1053,undertake,1054,9347,4464,引き受ける,ひきうける,5613443,Verb
1054,tear,1055,9356,1633,涙,なみだ,5605530,Noun
1055,painful,1056,9372,318,痛い,いたい,5591729,Adjective
1056,banana,1057,9397,1156,バナナ,バナナ,5567941,Noun
1057,tooth,1058,9414,1194,歯,は,5551049,Noun
1058,helicopter,1059,9441,4233,ヘリコプター,ヘリコプター,5528827,Noun
1059,pencil,1060,9442,1844,鉛筆,えんぴつ,5527529,Noun
1060,ladder,1061,9460,5699,はしご,はしご,5508719,Noun
1061,heel,1062,9509,3759,かかと,かかと,5468921,Noun
1062,blanket,1063,9523,1853,毛布,もうふ,5457762,Noun
1063,picnic,1064,9556,1646,ピクニック,ピクニック,5417141,Noun
1064,temporarily,1065,9612,2001,一時,いちじ,5368112,Adverb
1065,detective,1066,9630,3857,刑事,けいじ,5353706,Noun
1066,persistent,1067,9645,2937,しつこい,しつこい,5332514,Adjective
1067,aquarium,1068,9655,2685,水族館,すいぞくかん,5327865,Noun
1068,violin,1069,9656,986,バイオリン,バイオリン,5327802,Noun
1069,enclosure,1070,9676,5805,同封,どうふう,5309730,Verbal Noun
1070,mailman,1071,9722,773,郵便屋さん,ゆうびんやさん,5266389,Noun
1071,airplane,1072,9777,323,飛行機,ひこうき,5216750,Noun
1072,advancement,1073,9793,2975,進出,しんしゅつ,5205341,Verbal Noun
1073,advancement,1074,9793,2976,進行,しんこう,5205341,Verbal Noun
1074,advancement,1075,9793,2978,前進,ぜんしん,5205341,Verbal Noun
1075,knock,1076,9810,666,どんどん,どんどん,5196013,Adverb
1076,knock,1077,9810,1716,ノック,ノック,5196013,Verbal Noun
1077,optimum,1078,9822,3129,最適,さいてき,5188219,Adjectival Noun
1078,flour,1079,9857,3692,小麦粉,こむぎこ,5162842,Noun
1079,gentleman,1080,9891,3650,紳士,しんし,5134582,Noun
1080,continent,1081,9952,5226,大陸,たいりく,5095575,Noun
1081,strengthening,1082,9971,975,強化,きょうか,5079049,Verbal Noun
1082,subjective,1083,9987,3148,主観的,しゅかんてき,5068230,Adjective
1083,stake,1084,9992,3687,懸ける,かける,5061965,Verb
1084,fatigue,1085,10055,5350,疲労,ひろう,5010911,Verbal Noun
1085,bitter,1086,10079,1567,苦い,にがい,4995265,Adjective
1086,landlord,1087,10169,2071,大家,おおや,4915638,Noun
1087,landlord,1088,10169,4820,家主,やぬし,4915638,Noun
1088,towel,1089,10194,1181,タオル,タオル,4901668,Noun
1089,carpenter,1090,10240,4198,大工,だいく,4870735,Noun
1090,handbag,1091,10255,1341,ハンドバッグ,ハンドバッグ,4858848,Noun
1091,boyfriend,1092,10266,1561,ボーイフレンド,ボーイフレンド,4849182,Noun
1092,curtain,1093,10294,1021,カーテン,カーテン,4827869,Noun
1093,curtain,1094,10294,5754,幕,まく,4827869,Noun
1094,kindergarten,1095,10436,1894,幼稚園,ようちえん,4726688,Noun
1095,bud,1096,10541,5599,つぼみ,つぼみ,4638865,Noun
1096,dentist,1097,10543,1193,歯医者,はいしゃ,4638330,Noun
1097,bump,1098,10588,4578,ぶつける,ぶつける,4618593,Verb
1098,aunt,1099,10627,1466,おば,おば,4594042,Noun
1099,aunt,1100,10627,1821,おばさん,おばさん,4594042,Noun
1100,closet,1101,10648,859,押し入れ,おしいれ,4581735,Noun
1101,gram,1102,10679,866,グラム,グラム,4566651,Noun
1102,alphabet,1103,10686,3327,アルファベット,アルファベット,4562325,Noun
1103,sweat,1104,10703,3868,汗,あせ,4551615,Noun
1104,dentistry,1105,10778,2770,歯科,しか,4497604,Noun
1105,chill,1106,10793,2254,寒気,さむけ,4489643,Noun
1106,vivid,1107,10810,3715,鮮やか,あざやか,4479514,Adjective
1107,upstream,1108,10841,3099,上流,じょうりゅう,4459299,Noun
1108,continuation,1109,10843,3198,継続,けいぞく,4457196,Verbal Noun
1109,servant,1110,10846,2214,使用人,しようにん,4456781,Noun
1110,wheelchair,1111,10883,3991,車椅子,くるまいす,4435076,Noun
1111,bucket,1112,10906,4981,バケツ,バケツ,4415452,Noun
1112,dessert,1113,10939,5321,デザート,デザート,4392650,Noun
1113,ambulance,1114,10987,1380,救急車,きゅうきゅうしゃ,4363682,Noun
1114,collision,1115,11052,5608,追突,ついとつ,4320422,Verbal Noun
1115,elastic,1116,11130,1001,ゴム,ゴム,4265135,Noun
1116,melody,1117,11131,4855,メロディー,メロディー,4264666,Noun
1117,cousin,1118,11133,1241,いとこ,いとこ,4263150,Noun
1118,headache,1119,11228,2951,頭痛,ずつう,4218013,Noun
1119,strawberry,1120,11311,1988,苺,いちご,4169376,Noun
1120,elevator,1121,11315,836,エレベーター,エレベーター,4167714,Noun
1121,ankle,1122,11344,2948,足首,あしくび,4146793,Noun
1122,borrow,1123,11358,930,借りる,かりる,4137645,Verb
1123,bamboo,1124,11360,5772,竹,たけ,4136702,Noun
1124,vibration,1125,11369,3160,振動,しんどう,4130212,Verbal Noun
1125,overtime,1126,11417,2468,残業,ざんぎょう,4095339,Verbal Noun
1126,substitution,1127,11441,2518,代わり,かわり,4083235,Noun
1127,spoon,1128,11594,1436,スプーン,スプーン,4000406,Noun
1128,locker,1129,11612,4925,ロッカー,ロッカー,3985812,Noun
1129,grandfather,1130,11629,1939,お祖父さん,おじいさん,3976363,Noun
1130,grandfather,1131,11629,1942,祖父,そふ,3976363,Noun
1131,subway,1132,11661,684,地下鉄,ちかてつ,3959823,Noun
1132,sightseeing,1133,11677,799,見物,けんぶつ,3949130,Verbal Noun
1133,sightseeing,1134,11677,3150,観光,かんこう,3949130,Noun
1134,spill,1135,11777,1691,こぼす,こぼす,3890646,Verb
1135,etiquette,1136,11811,3543,エチケット,エチケット,3872794,Noun
1136,initiation,1137,11830,4118,入門,にゅうもん,3855916,Noun
1137,noun,1138,11875,5570,名詞,めいし,3837137,Noun
1138,swallow,1139,11883,5580,つばめ,つばめ,3832303,Noun
1139,squid,1140,11889,3684,いか,いか,3828491,Noun
1140,simultaneous,1141,11933,4744,同時,どうじ,3808657,Noun
1141,symptom,1142,11976,3496,症状,しょうじょう,3784339,Noun
1142,laughter,1143,11977,5455,笑い,わらい,3783649,Noun
1143,laughter,1144,11977,5584,笑い声,わらいごえ,3783649,Noun
1144,ignorance,1145,11981,4351,無知,むち,3782654,Adjectival Noun
1145,sour,1146,12027,368,酸っぱい,すっぱい,3757799,Adjective
1146,verb,1147,12094,5569,動詞,どうし,3726924,Noun
1147,noisy,1148,12104,3574,騒がしい,さわがしい,3722908,Adjective
1148,regret,1149,12121,3802,後悔,こうかい,3716789,Verbal Noun
1149,regret,1150,12121,3813,惜しむ,おしむ,3716789,Verb
1150,grandmother,1151,12146,1940,お祖母さん,おばあさん,3697756,Noun
1151,grandmother,1152,12146,1943,祖母,そぼ,3697756,Noun
1152,downstream,1153,12157,3100,下流,かりゅう,3691197,Noun
1153,viewpoint,1154,12203,3512,視点,してん,3667923,Noun
1154,capitalism,1155,12271,2884,資本主義,しほんしゅぎ,3640757,Noun
1155,cheating,1156,12334,3369,カンニング,カンニング,3615902,Verbal Noun
1156,conscience,1157,12397,4342,良心,りょうしん,3576906,Noun
1157,crush,1158,12398,5950,潰れる,つぶれる,3576348,Verb
1158,tasty,1159,12426,390,おいしい,おいしい,3565676,Adjective
1159,cushion,1160,12446,3753,座布団,ざぶとん,3556775,Noun
1160,pediatrics,1161,12595,3768,小児科,しょうにか,3489597,Noun
1161,sushi,1162,12598,1795,寿司,すし,3488691,Noun
1162,elbow,1163,12610,1921,ひじ,ひじ,3484326,Noun
1163,strongest,1164,12622,2391,最強,さいきょう,3478166,Noun
1164,pumpkin,1165,12670,3145,かぼちゃ,かぼちゃ,3457437,Noun
1165,razor,1166,12682,3477,かみそり,かみそり,3451657,Noun
1166,cough,1167,12683,3973,咳,せき,3451640,Noun
1167,pedestrian,1168,12738,4793,歩行者,ほこうしゃ,3434750,Noun
1168,panda,1169,12765,5258,ぱんだ,ぱんだ,3424825,Noun
1169,midst,1170,12856,4709,真っ最中,まっさいちゅう,3381410,Noun
1170,appetite,1171,12944,2623,食欲,しょくよく,3346826,Noun
1171,shortcut,1172,12967,4238,近道,ちかみち,3338749,Noun
1172,feather,1173,12983,5740,羽根,はね,3331460,Noun
1173,tightly,1174,12994,3809,ぎっしり,ぎっしり,3326221,Adverb
1174,eternity,1175,13028,3117,永遠,えいえん,3311935,Adjectival Noun
1175,eternity,1176,13028,3118,永久,えいきゅう,3311935,Adjectival Noun
1176,tuberculosis,1177,13060,3614,結核,けっかく,3296585,Noun
1177,shutter,1178,13077,2547,シャッター,シャッター,3293238,Noun
1178,toast,1179,13157,5410,トースト,トースト,3262695,Noun
1179,sigh,1180,13389,5978,溜め息,ためいき,3173217,Noun
1180,interpreting,1181,13467,5285,通訳,つうやく,3140617,Verbal Noun
1181,irregular,1182,13587,4533,不規則,ふきそく,3097883,Adjectival Noun
1182,singular,1183,13600,4507,単数,たんすう,3093829,Noun
1183,volcano,1184,13644,2048,火山,かざん,3076134,Noun
1184,ashes,1185,13795,1819,灰,はい,3011008,Noun
1185,poisoning,1186,13849,5533,中毒,ちゅうどく,2989025,Verbal Noun
1186,plum,1187,13932,3928,梅,うめ,2961363,Noun
1187,crossroads,1188,13982,2163,十字路,じゅうじろ,2940390,Noun
1188,housewife,1189,14020,3376,主婦,しゅふ,2928414,Noun
1189,pistol,1190,14085,4628,ピストル,ピストル,2904815,Noun
1190,supermarket,1191,14148,1411,スーパーマーケット,スーパーマーケット,2885844,Noun
1191,tuna,1192,14257,5038,まぐろ,まぐろ,2842548,Noun
1192,harmless,1193,14453,5096,無害,むがい,2774838,Adjectival Noun
1193,dispersion,1194,14465,5497,分散,ぶんさん,2770698,Verbal Noun
1194,curiosity,1195,14466,3173,好奇心,こうきしん,2770499,Noun
1195,boiling,1196,14521,5885,沸騰,ふっとう,2751209,Verbal Noun
1196,bathing,1197,14565,5680,入浴,にゅうよく,2738196,Verbal Noun
1197,rectangle,1198,14636,4715,長方形,ちょうほうけい,2718237,Noun
1198,supper,1199,14664,579,夕食,ゆうしょく,2709558,Noun
1199,instability,1200,14670,4611,不安定,ふあんてい,2706582,Adjectival Noun
1200,cheek,1201,14743,5794,ほほ,ほほ,2681029,Noun
1201,cheek,1202,14743,5996,頬,ほお,2681029,Noun
1202,exhausted,1203,14778,3626,くたくた,くたくた,2669693,Adjective
1203,mosquito,1204,14805,1964,蚊,か,2664788,Noun
1204,rewrite,1205,14860,281,書き直す,かきなおす,2648549,Verb
1205,grapes,1206,14877,966,ぶどう,ぶどう,2643584,Noun
1206,steadily,1207,14921,4182,どんどん,どんどん,2632187,Adverb
1207,ruler,1208,14974,4562,物差し,ものさし,2615554,Noun
1208,airmail,1209,14985,1249,航空便,こうくうびん,2611913,Noun
1209,airmail,1210,14985,1776,エアメール,エアメール,2611913,Noun
1210,apologize,1211,15033,1598,謝る,あやまる,2591938,Verb
1211,apologize,1212,15033,3993,お詫び,おわび,2591938,Verbal Noun
1212,apologize,1213,15033,5995,詫びる,わびる,2591938,Verb
1213,shave,1214,15075,1982,剃る,そる,2580057,Verb
1214,resignation,1215,15150,2984,辞任,じにん,2560942,Verbal Noun
1215,halfway,1216,15254,5335,中途,ちゅうと,2532364,Noun
1216,kindness,1217,15279,2681,親切,しんせつ,2524494,Noun
1217,politician,1218,15291,2940,政治家,せいじか,2521169,Noun
1218,disadvantage,1219,15341,4537,不利,ふり,2504267,Adjectival Noun
1219,chalk,1220,15366,1706,チョーク,チョーク,2498505,Noun
1220,cultivation,1221,15377,3797,栽培,さいばい,2494830,Verbal Noun
1221,pineapple,1222,15408,5252,ぱいなっぷる,ぱいなっぷる,2487823,Noun
1222,nap,1223,15456,1509,昼寝,ひるね,2473014,Verbal Noun
1223,sharply,1224,15468,3967,がくんと,がくんと,2470344,Adverb
1224,vinegar,1225,15476,3913,酢,す,2467712,Noun
1225,robbery,1226,15562,3075,強盗,ごうとう,2443257,Noun
1226,boil,1227,15633,5895,ゆでる,ゆでる,2422265,Verb
1227,barley,1228,15641,3694,大麦,おおむぎ,2420348,Noun
1228,desperately,1229,15684,4894,必死に,ひっしに,2407133,Adverb
1229,indoors,1230,15762,2676,室内,しつない,2389570,Noun
1230,courthouse,1231,15940,3405,裁判所,さいばんしょ,2347505,Noun
1231,kettle,1232,15959,1936,やかん,やかん,2341770,Noun
1232,slippers,1233,16007,1611,スリッパ,スリッパ,2329284,Noun
1233,bookshelf,1234,16010,1788,本棚,ほんだな,2328590,Noun
1234,comb,1235,16013,1826,くし,くし,2327626,Noun
1235,sleepy,1236,16111,1865,眠い,ねむい,2303460,Adjective
1236,sleepy,1237,16111,5801,眠たい,ねむたい,2303460,Adjective
1237,cabbage,1238,16414,2962,キャベツ,キャベツ,2235882,Noun
1238,pronunciation,1239,16565,4688,発音,はつおん,2203941,Verbal Noun
1239,manners,1240,16575,5019,マナー,マナー,2202352,Noun
1240,diarrhea,1241,16627,3936,下痢,げり,2191254,Verbal Noun
1241,nod,1242,16642,3742,うなずく,うなずく,2188223,Verb
1242,thermometer,1243,16771,2458,寒暖計,かんだんけい,2161420,Noun
1243,thermometer,1244,16771,4560,体温計,たいおんけい,2161420,Noun
1244,whisper,1245,16785,3972,囁く,ささやく,2158715,Verb
1245,furious,1246,16835,3568,かんかん,かんかん,2144253,Adverb
1246,decorate,1247,17105,1858,飾る,かざる,2087154,Verb
1247,blackboard,1248,17160,1679,黒板,こくばん,2075979,Noun
1248,footprint,1249,17174,3172,足跡,あしあと,2072054,Noun
1249,dislike,1250,17397,384,嫌い,きらい,2025063,Adjective
1250,dislike,1251,17397,3624,嫌う,きらう,2025063,Verb
1251,punish,1252,17439,5874,罰する,ばっする,2016120,Verb
1252,sparkle,1253,17533,3975,きらりと,きらりと,1997295,Adverb
1253,wander,1254,17542,3228,うろうろ,うろうろ,1996154,Adverb
1254,spinach,1255,17645,5508,ほうれん草,ほうれんそう,1977356,Noun
1255,instinct,1256,17800,4355,本能,ほんのう,1950318,Noun
1256,carrot,1257,17803,1901,にんじん,にんじん,1949964,Noun
1257,bullying,1258,17807,3986,苛め,いじめ,1948806,Noun
1258,sibling,1259,17889,1137,兄弟,きょうだい,1932847,Noun
1259,stare,1260,17937,3593,じろじろ,じろじろ,1925618,Adverb
1260,stare,1261,17937,4164,見つめる,みつめる,1925618,Verb
1261,contradiction,1262,17944,5869,矛盾,むじゅん,1924222,Verbal Noun
1262,multiplication,1263,17996,1872,掛け算,かけざん,1914709,Verbal Noun
1263,souvenir,1264,18019,830,お土産,おみやげ,1910326,Noun
1264,souvenir,1265,18019,4447,土産,みやげ,1910326,Noun
1265,cucumber,1266,18025,3203,きゅうり,きゅうり,1909384,Noun
1266,tapping,1267,18194,1896,とんとん,とんとん,1881871,Adverb
1267,rumble,1268,18227,3054,ごろごろ,ごろごろ,1876665,Adverb
1268,sparrow,1269,18363,3997,雀,すずめ,1853517,Noun
1269,sinking,1270,18374,5159,沈没,ちんぼつ,1852249,Verbal Noun
1270,nephew,1271,18386,3998,甥,おい,1851122,Noun
1271,childbirth,1272,18461,2367,出産,しゅっさん,1840004,Verbal Noun
1272,liar,1273,18567,3932,嘘つき,うそつき,1819814,Noun
1273,plural,1274,18603,4503,複数,ふくすう,1814292,Noun
1274,weekday,1275,18806,4879,平日,へいじつ,1779661,Noun
1275,homecoming,1276,18807,3275,帰省,きせい,1779345,Verbal Noun
1276,subordinate,1277,18868,4257,部下,ぶか,1768208,Noun
1277,consulate,1278,18892,5040,領事館,りょうじかん,1765795,Noun
1278,businessman,1279,18894,1138,業者,ぎょうしゃ,1765391,Noun
1279,ophthalmology,1280,18922,3772,眼科,がんか,1761676,Noun
1280,videotape,1281,19088,1421,ビデオテープ,ビデオテープ,1734836,Noun
1281,digestion,1282,19098,2532,消化,しょうか,1733208,Verbal Noun
1282,hereafter,1283,19225,2665,以降,いこう,1716113,Noun
1283,persuasion,1284,19283,3437,説得,せっとく,1709135,Verbal Noun
1284,farmhouse,1285,19315,5363,農家,のうか,1704037,Noun
1285,oneself,1286,19381,4807,自ら,みずから,1694392,Adverb
1286,abbreviation,1287,19386,5311,略,りゃく,1693819,Noun
1287,whisky,1288,19494,1771,ウィスキー,ウィスキー,1677493,Noun
1288,haiku,1289,20326,5829,俳句,はいく,1557648,Noun
1289,wrinkle,1290,20390,3933,しわ,しわ,1551149,Noun
1290,typewriter,1291,20645,1311,タイプライター,タイプライター,1516482,Noun
1291,hardness,1292,20803,3598,硬さ,かたさ,1495434,Noun
1292,hamburger,1293,21149,1171,ハンバーガー,ハンバーガー,1453555,Noun
1293,soaked,1294,21291,5214,びしょびしょ,びしょびしょ,1437194,Adjectival Noun
1294,soaked,1295,21291,5265,びっしょり,びっしょり,1437194,Adverb
1295,pajamas,1296,21307,1486,パジャマ,パジャマ,1435077,Noun
1296,unmarried,1297,21341,4800,未婚,みこん,1431009,Noun
1297,unexpectedly,1298,21349,2914,案外,あんがい,1430243,Adverb
1298,jogging,1299,21548,2597,ジョギング,ジョギング,1407601,Verbal Noun
1299,waiter,1300,21737,1946,ウェーター,ウェーター,1385770,Noun
1300,waiter,1301,21737,5057,ボーイ,ボーイ,1385770,Noun
1301,typhoon,1302,21743,749,台風,たいふう,1384872,Noun
1302,tickle,1303,22160,3842,くすぐる,くすぐる,1340122,Verb
1303,acquaintance,1304,22164,2284,知り合い,しりあい,1339448,Noun
1304,blouse,1305,22177,1441,ブラウス,ブラウス,1337862,Noun
1305,octopus,1306,22178,5315,たこ,たこ,1337780,Noun
1306,policeman,1307,22301,1882,お巡りさん,おまわりさん,1325650,Noun
1307,broom,1308,22431,5775,ほうき,ほうき,1312361,Noun
1308,insolvency,1309,22818,5596,倒産,とうさん,1275891,Verbal Noun
1309,misunderstanding,1310,22960,3258,誤解,ごかい,1262717,Verbal Noun
1310,misunderstanding,1311,22960,3882,勘違い,かんちがい,1262717,Verbal Noun
1311,admiration,1312,23032,3035,感心,かんしん,1255669,Verbal Noun
1312,dialect,1313,23104,4169,方言,ほうげん,1248837,Noun
1313,tofu,1314,23403,1909,豆腐,とうふ,1222741,Noun
1314,telegram,1315,23450,4335,電報,でんぽう,1219049,Noun
1315,bookcase,1316,23516,1848,本箱,ほんばこ,1212892,Noun
1316,salty,1317,23698,1575,塩辛い,しおからい,1196416,Adjective
1317,itchy,1318,23869,1596,かゆい,かゆい,1181967,Adjective
1318,desperation,1319,23875,4891,必死,ひっし,1181444,Adjectival Noun
1319,adjective,1320,23913,3556,形容詞,けいようし,1177613,Noun
1320,eraser,1321,24047,715,消しゴム,けしごむ,1166247,Noun
1321,angling,1322,24049,5672,釣り,つり,1166195,Noun
1322,rattle,1323,24098,3361,がたがた,がたがた,1162261,Adjective
1323,niece,1324,24230,1987,姪,めい,1151039,Noun
1324,archipelago,1325,24639,5318,列島,れっとう,1118546,Noun
1325,legislator,1326,24662,1164,議員,ぎいん,1116864,Noun
1326,judo,1327,24664,1752,柔道,じゅうどう,1116748,Noun
1327,waitress,1328,24712,1816,ウェートレス,ウェートレス,1113106,Noun
1328,pliers,1329,25019,5271,ペンチ,ペンチ,1089440,Noun
1329,toothbrush,1330,25070,1195,歯ブラシ,はぶらし,1085306,Noun
1330,subtraction,1331,25516,918,引き算,ひきざん,1054691,Verbal Noun
1331,eyebrows,1332,25631,5988,眉毛,まゆげ,1046652,Noun
1332,humid,1333,25920,5880,蒸し暑い,むしあつい,1026485,Adjective
1333,smog,1334,25952,3452,スモッグ,スモッグ,1024498,Noun
1334,affirmation,1335,25989,3401,肯定,こうてい,1022188,Verbal Noun
1335,seniority,1336,26094,4241,年長,ねんちょう,1014348,Adjectival Noun
1336,equator,1337,26098,2194,赤道,せきどう,1014051,Noun
1337,tropics,1338,26150,5254,熱帯,ねったい,1009932,Noun
1338,refreshed,1339,26208,2987,すっきり,すっきり,1005937,Adverb
1339,prefecture,1340,26310,2296,県,けん,998543,Noun
1340,racket,1341,26322,1281,ラケット,ラケット,997700,Noun
1341,submittal,1342,26375,4985,提出,ていしゅつ,994921,Verbal Noun
1342,eel,1343,26981,3128,ウナギ,ウナギ,956144,Noun
1343,neutrality,1344,27136,4639,中立,ちゅうりつ,945285,Verbal Noun
1344,snoring,1345,27141,3336,いびき,いびき,944941,Noun
1345,rooftop,1346,27155,2200,屋上,おくじょう,944071,Noun
1346,foreigner,1347,27320,672,外国人,がいこくじん,933982,Noun
1347,internationalization,1348,27420,2852,国際化,こくさいか,928140,Verbal Noun
1348,boldly,1349,27596,2257,あえて,あえて,918403,Adverb
1349,eyebrow,1350,27661,5987,眉,まゆ,914479,Noun
1350,impatient,1351,27965,3269,せっかち,せっかち,897557,Adjectival Noun
1351,eggplant,1352,28052,1989,茄子,なす,893073,Noun
1352,watermelon,1353,28296,1496,すいか,すいか,880379,Noun
1353,reluctantly,1354,28593,3386,いやいや,いやいや,865419,Adverb
1354,superstition,1355,28924,5469,迷信,めいしん,849215,Noun
1355,midsummer,1356,30039,4707,真夏,まなつ,794561,Noun
1356,sharpness,1357,30484,2513,切れ,きれ,775037,Noun
1357,handshake,1358,30759,1879,握手,あくしゅ,763580,Verbal Noun
1358,radioactivity,1359,31669,5540,放射能,ほうしゃのう,726795,Noun
1359,puncture,1360,31810,4742,パンク,パンク,721038,Verbal Noun
1360,ashtray,1361,32215,1818,灰皿,はいざら,706842,Noun
1361,mayonnaise,1362,32621,5359,マヨネーズ,マヨネーズ,692896,Noun
1362,yawn,1363,32664,1676,あくび,あくび,691112,Verbal Noun
1363,inconvenient,1364,32934,772,不便,ふべん,681396,Adjectival Noun
1364,seawater,1365,33334,2056,海水,かいすい,667633,Noun
1365,takeoff,1366,33962,5229,離陸,りりく,646648,Verbal Noun
1366,shrinkage,1367,34394,5370,縮み,ちぢみ,633197,Noun
1367,guarantor,1368,34781,4905,保証人,ほしょうにん,620937,Noun
1368,impossibility,1369,35967,4290,無理,むり,586554,Noun
1369,flatter,1370,35995,3751,おだてる,おだてる,585847,Verb
1370,quarrel,1371,36034,2045,口げんか,くちげんか,584822,Verbal Noun
1371,eyelid,1372,36573,5832,まぶた,まぶた,570411,Noun
1372,grandchild,1373,36606,1780,孫,まご,569493,Noun
1373,valuables,1374,36618,3169,貴重品,きちょうひん,569237,Noun
1374,betray,1375,37100,3235,裏切る,うらぎる,557182,Verb
1375,shiver,1376,37899,5145,ぶるぶる,ぶるぶる,537359,Adverb
1376,classmate,1377,37947,5515,同級生,どうきゅうせい,536177,Noun
1377,handkerchief,1378,38027,1416,ハンカチ,ハンカチ,534356,Noun
1378,beggar,1379,38160,3965,乞食,こじき,531456,Noun
1379,pronoun,1380,38652,5572,代名詞,だいめいし,519635,Noun
1380,teacup,1381,39979,5691,湯飲み,ゆのみ,490146,Noun
1381,crosswalk,1382,42267,1478,横断歩道,おうだんほどう,444549,Noun
1382,wobble,1383,43135,1601,ぐらぐら,ぐらぐら,428530,Adverb
1383,intonation,1384,43475,3352,イントネーション,イントネーション,422533,Noun
1384,fainting,1385,44199,3622,気絶,きぜつ,410907,Verbal Noun
1385,sneeze,1386,47754,3502,くしゃみ,くしゃみ,360023,Noun
1386,escalator,1387,47979,1176,エスカレーター,エスカレーター,357466,Noun
1387,ticklish,1388,48122,3518,くすぐったい,くすぐったい,355532,Adjective
1388,errand,1389,48813,4304,使い,つかい,346755,Noun
1389,slimy,1390,48820,5334,ぬるぬる,ぬるぬる,346686,Adverb
1390,commonality,1391,49026,2657,共通,きょうつう,344582,Verbal Noun
1391,chrysanthemum,1392,50627,3953,菊,きく,326128,Noun
1392,bridegroom,1393,51526,5798,花婿,はなむこ,316373,Noun
1393,chopsticks,1394,51733,1993,箸,はし,314019,Noun
1394,exaggerate,1395,52027,2015,大げさ,おおげさ,310913,Adjective
1395,exaggerate,1396,52027,2763,オーバー,オーバー,310913,Verbal Noun
1396,fluently,1397,52438,1751,ぺらぺら,ぺらぺら,306927,Adjectival Noun
1397,kabuki,1398,53461,3971,歌舞伎,かぶき,296825,Noun
1398,raincoat,1399,54813,1756,レインコート,レインコート,284937,Noun
1399,adverb,1400,55669,5571,副詞,ふくし,277019,Noun
1400,grumble,1401,57408,5139,ぶつぶつ,ぶつぶつ,262526,Adverb
1401,laver,1402,62004,5981,海苔,のり,229347,Noun
1402,memorization,1403,62756,2926,暗記,あんき,224824,Verbal Noun
1403,prefectural,1404,65964,5024,府立,ふりつ,206225,Noun
1404,katakana,1405,66594,375,片仮名,かたかな,202952,Noun
1405,newlywed,1406,68916,2700,新婚,しんこん,190665,Noun
1406,suntan,1407,70620,5491,日焼け,ひやけ,182600,Verbal Noun
1407,rustle,1408,72008,3767,がさがさ,がさがさ,176503,Adverb
1408,hiragana,1409,72546,376,平仮名,ひらがな,174265,Noun
1409,videotaping,1410,74156,5009,録画,ろくが,167691,Verbal Noun
1410,irresponsibility,1411,76055,5046,無責任,むせきにん,160467,Adjectival Noun
1411,derailment,1412,80120,4735,脱線,だっせん,146331,Verbal Noun
1412,overwork,1413,95364,3322,過労,かろう,107730,Noun
1413,pickpocket,1414,111946,3460,すり,すり,81333,Noun
1414,firetruck,1415,120165,1768,消防車,しょうぼうしゃ,71915,Noun
1415,gargling,1416,122057,3718,うがい,うがい,70068,Verbal Noun
1416,accustom,1417,136495,4478,慣らす,ならす,58028,Verb
1417,wastepaper,1418,166983,3977,紙屑,かみくず,41378,Noun
1418,sukiyaki,1419,185191,1659,すき焼き,すきやき,34554,Noun
1419,stationmaster,1420,229393,2173,駅長,えきちょう,24699,Noun
1420,oversleep,1421,322526,5263,寝過ごす,ねすごす,13326,Verb
