,word,kanji,reading,overall_rank,rank_english,rank_japanese
0,you,あなた,あなた,1,15,901
1,you,君,きみ,2,15,3719
2,new,新しい,あたらしい,3,27,205
3,more,もっと,もっと,4,28,150
4,we,私たち,わたしたち,5,31,504
5,we,我々,われわれ,6,31,5439
6,page,ページ,ページ,7,38,686
7,free,ただ,ただ,8,42,471
8,one,一,いち,9,45,3
9,other,他,ほか,10,46,168
10,do,やる,やる,11,47,50
11,information,情報,じょうほう,12,49,752
12,time,時,とき,13,50,29
13,they,彼ら,かれら,14,51,1140
14,which,どちら,どちら,15,57,230
15,news,ニュース,ニュース,16,59,581
16,use,使う,つかう,17,61,192
17,there,そこ,そこ,18,63,160
18,when,いつ,いつ,19,68,220
19,when,いつのまに,いつのまに,20,68,3693
20,here,ここ,ここ,21,70,170
21,here,こっち,こっち,22,70,360
22,business,事業,じぎょう,23,71,2440
23,business,ビジネス,ビジネス,24,71,4100
24,who,どなた,どなた,25,72,1546
25,now,今,いま,26,75,64
26,first,先ず,まず,27,83,419
27,these,これら,これら,28,93,476
28,find,見つける,みつける,29,100,151
29,price,値段,ねだん,30,101,730
30,date,デート,デート,31,102,1256
31,date,月日,がっぴ,32,102,2002
32,date,年月日,ねんがっぴ,33,102,4015
33,date,日付け,ひづけ,34,102,5304
34,back,背中,せなか,35,103,3484
35,back,バック,バック,36,103,4792
36,top,トップ,トップ,37,104,4069
37,people,人々,ひとびと,38,105,459
38,people,方々,かたがた,39,105,2035
39,name,名前,なまえ,40,108,218
40,name,名称,めいしょう,41,108,5860
41,state,州,しゅう,42,111,3200
42,day,日,にち,43,113,32
43,two,二,に,44,116,4
44,health,健康,けんこう,45,117,3489
45,world,世界,せかい,46,119,674
46,next,次,つぎ,47,121,259
47,go,行く,いく,48,123,71
48,work,働く,はたらく,49,125,262
49,most,一番,いちばん,50,127,216
50,music,音楽,おんがく,51,129,1063
51,music,ミュージック,ミュージック,52,129,5460
52,buy,買う,かう,53,130,147
53,data,データ,データ,54,131,4006
54,system,システム,システム,55,136,411
55,city,都市,とし,56,139,792
56,city,市,し,57,139,2303
57,add,付け加える,つけくわえる,58,141,5297
58,number,数,かず,59,143,245
59,number,ナンバー,ナンバー,60,143,4899
60,please,どうぞ,どうぞ,61,145,1476
61,after,後,あと,62,150,134
62,best,最上,さいじょう,63,151,2110
63,best,ベスト,ベスト,64,151,4880
64,good,良い,いい,65,155,207
65,video,ビデオ,ビデオ,66,156,591
66,well,よく,よく,67,157,451
67,well,まあ,まあ,68,157,4962
68,where,どこ,どこ,69,159,100
69,public,公立,こうりつ,70,162,2848
70,books,書物,しょもつ,71,163,2316
71,books,図書,としょ,72,163,4225
72,school,学校,がっこう,73,165,235
73,review,復習,ふくしゅう,74,171,1495
74,order,順序,じゅんじょ,75,173,3287
75,very,とても,とても,76,174,190
76,read,読む,よむ,77,180,156
77,group,グループ,グループ,78,181,506
78,set,セット,セット,79,189,2116
79,full,一杯,いっぱい,80,196,321
80,program,プログラム,プログラム,81,199,446
81,life,生命,せいめい,82,200,2963
82,life,命,いのち,83,200,2964
83,know,知る,しる,84,201,215
84,know,ご存じ,ごぞんじ,85,201,2793
85,hotel,ホテル,ホテル,86,211,511
86,international,国際,こくさい,87,215,1245
87,international,国際的,こくさいてき,88,215,2851
88,center,センター,センター,89,216,5536
89,center,中央,ちゅうおう,90,216,5919
90,development,開発,かいはつ,91,223,1043
91,report,報告,ほうこく,92,224,753
92,member,会員,かいいん,93,226,2142
93,member,一員,いちいん,94,226,2143
94,member,メンバー,メンバー,95,226,4132
95,line,線,せん,96,228,283
96,send,送る,おくる,97,233,224
97,right,右,みぎ,98,234,84
98,type,タイプ,タイプ,99,235,4094
99,office,事務室,じむしつ,100,241,1339
100,education,教育,きょういく,101,242,849
101,national,国立,こくりつ,102,243,2548
102,car,車,くるま,103,244,622
103,design,デザイン,デザイン,104,245,4201
104,take,持って行く,もっていく,105,246,820
105,shipping,出荷,しゅっか,106,257,2309
106,subject,科目,かもく,107,259,2767
107,long,長い,ながい,108,264,177
108,show,見せる,みせる,109,268,149
109,black,黒,くろ,110,271,678
110,index,索引,さくいん,111,276,3092
111,open,開く,ひらく,112,283,123
112,open,開く,あく,113,283,539
113,today,今日,きょう,114,284,65
114,today,本日,ほんじつ,115,284,4073
115,south,南,みなみ,116,286,532
116,case,ケース,ケース,117,287,2008
117,both,両方,りょうほう,118,300,1514
118,both,両者,りょうしゃ,119,300,5269
119,county,郡,ぐん,120,302,3717
120,game,ゲーム,ゲーム,121,305,280
121,power,動力,どうりょく,122,307,4655
122,network,ネットワーク,ネットワーク,123,310,4107
123,computer,コンピューター,コンピューター,124,312,416
124,three,三,さん,125,314,6
125,total,総数,そうすう,126,315,5135
126,place,ところ,ところ,127,316,40
127,think,思う,おもう,128,325,209
128,north,北,きた,129,326,533
129,resources,資源,しげん,130,327,2885
130,big,大きい,おおきい,131,330,73
131,law,法律,ほうりつ,132,332,889
132,water,水,みず,133,334,46
133,history,歴史,れきし,134,335,1453
134,since,以来,いらい,135,340,2666
135,guide,ガイド,ガイド,136,342,2738
136,change,変える,かえる,137,347,254
137,change,変わる,かわる,138,347,970
138,change,変化,へんか,139,347,974
139,white,白,しろ,140,348,675
140,small,小さい,ちいさい,141,350,74
141,rate,割り,わり,142,352,4570
142,return,返却,へんきゃく,143,357,5886
143,shopping,ショッピング,ショッピング,144,360,3095
144,level,レベル,レベル,145,364,4031
145,love,大好き,だいすき,146,370,112
146,love,愛,あい,147,370,1623
147,love,恋愛,れんあい,148,370,5444
148,old,古い,ふるい,149,371,206
149,image,イメージ,イメージ,150,376,2016
150,title,題名,だいめい,151,378,4493
151,description,記述,きじゅつ,152,379,3403
152,insurance,保険,ほけん,153,383,4903
153,why,どうして,どうして,154,385,290
154,class,クラス,クラス,155,388,626
155,money,金,かね,156,391,47
156,quality,質,しつ,157,392,2403
157,quality,品質,ひんしつ,158,392,4485
158,country,国,くに,159,396,182
159,visit,訪問,ほうもん,160,399,5238
160,low,低,てい,161,402,4130
161,include,含める,ふくめる,162,408,5313
162,food,食べ物,たべもの,163,418,219
163,food,食物,しょくもつ,164,418,2314
164,sale,安売り,やすうり,165,425,4310
165,print,プリント,プリント,166,427,4666
166,room,部屋,へや,167,433,185
167,stock,株式,かぶしき,168,434,2434
168,science,科学,かがく,169,440,1197
169,science,理科,りか,170,440,1199
170,science,理系,りけい,171,440,5650
171,left,左,ひだり,172,448,85
172,team,チーム,チーム,173,449,4088
173,week,週,しゅう,174,458,57
174,table,テーブル,テーブル,175,464,270
175,market,マーケット,マーケット,176,470,4371
176,library,図書館,としょかん,177,471,287
177,library,図書室,としょしつ,178,471,1124
178,series,シリーズ,シリーズ,179,475,2058
179,model,モデル,モデル,180,476,4050
180,industry,産業,さんぎょう,181,479,900
181,plan,プラン,プラン,182,480,4553
182,hot,ホット,ホット,183,487,5063
183,movie,映画,えいが,184,490,1070
184,say,おっしゃる,おっしゃる,185,496,2813
185,going,行き,いき,186,500,428
186,going,行き,ゆき,187,500,429
187,friend,友人,ゆうじん,188,503,4098
188,come,来る,くる,189,504,68
189,study,勉強,べんきょう,190,508,238
190,application,応募,おうぼ,191,509,3002
191,application,適用,てきよう,192,509,5165
192,play,遊ぶ,あそぶ,193,516,289
193,tax,税金,ぜいきん,194,531,2542
194,tax,税,ぜい,195,531,2543
195,person,人,ひと,196,532,88
196,below,以下,いか,197,533,2664
197,party,パーティー,パーティー,198,538,636
198,student,学生,がくせい,199,542,233
199,red,赤い,あかい,200,554,184
200,give,あげる,あげる,201,555,110
201,memory,物覚え,ものおぼえ,202,556,4404
202,language,言語,げんご,203,562,590
203,sell,売る,うる,204,564,194
204,experience,経験,けいけん,205,566,892
205,young,若い,わかい,206,571,306
206,paper,紙,かみ,207,577,272
207,club,クラブ,クラブ,208,582,2190
208,something,何か,なにか,209,589,417
209,question,質問,しつもん,210,592,243
210,hard,ハード,ハード,211,596,4296
211,pay,払う,はらう,212,599,252
212,pay,支払う,しはらう,213,599,2479
213,four,四,し,214,600,9
214,four,四,よん,215,600,11
215,building,ビル,ビル,216,606,536
216,court,コート,コート,217,608,941
217,always,いつも,いつも,218,610,210
218,light,明かり,あかり,219,613,2090
219,write,書く,かく,220,614,158
220,write,著す,あらわす,221,614,3414
221,blue,青い,あおい,222,618,517
222,analysis,分析,ぶんせき,223,626,5527
223,request,リクエスト,リクエスト,224,627,5284
224,star,スター,スター,225,639,2381
225,future,未来,みらい,226,641,702
226,committee,委員会,いいんかい,227,643,2986
227,hand,手,て,228,644,104
228,sun,太陽,たいよう,229,645,1435
229,meeting,ミーティング,ミーティング,230,650,310
230,become,なる,なる,231,652,20
231,become,なる,なる,232,652,399
232,interest,興味,きょうみ,233,653,3581
233,interest,利子,りし,234,653,4539
234,interest,利息,りそく,235,653,4789
235,enter,入る,はいる,236,657,92
236,baby,赤ちゃん,あかちゃん,237,669,679
237,baby,赤ん坊,あかんぼう,238,669,3745
238,energy,エネルギー,エネルギー,239,671,2132
239,run,走る,はしる,240,672,172
240,delivery,配達,はいたつ,241,673,805
241,film,フィルム,フィルム,242,677,756
242,welcome,ようこそ,ようこそ,243,685,1941
243,welcome,歓迎,かんげい,244,685,3823
244,head,頭,あたま,245,692,328
245,radio,ラジオ,ラジオ,246,693,716
246,color,色,いろ,247,696,277
247,color,カラー,カラー,248,696,806
248,self,自身,じしん,249,697,3366
249,society,社会,しゃかい,250,711,608
250,green,緑色,みどりいろ,251,733,1488
251,green,グリーン,グリーン,252,733,2879
252,close,閉じる,とじる,253,735,124
253,close,つぶる,つぶる,254,735,5592
254,drive,運転,うんてん,255,737,1008
255,drive,ドライブ,ドライブ,256,737,1276
256,beach,ビーチ,ビーチ,257,757,5290
257,five,五,ご,258,764,13
258,weather,天気,てんき,259,771,118
259,land,土地,とち,260,773,633
260,window,窓,まど,261,777,1125
261,window,窓口,まどぐち,262,777,4782
262,island,島,とう,263,781,4946
263,record,レコード,レコード,264,782,661
264,calendar,カレンダー,カレンダー,265,790,1336
265,style,スタイル,スタイル,266,792,2282
266,front,前方,ぜんぽう,267,794,4135
267,early,早い,はやい,268,801,263
268,word,単語,たんご,269,810,4495
269,adult,大人,おとな,270,821,87
270,adult,大人,おとな,271,821,2036
271,finance,金融,きんゆう,272,830,3428
272,bad,悪い,わるい,273,841,208
273,individual,個人,こじん,274,842,879
274,together,一緒,いっしょ,275,849,3207
275,percent,パーセント,パーセント,276,851,1911
276,fast,速い,はやい,277,852,264
277,meet,会う,あう,278,859,161
278,meet,出会う,であう,279,859,4183
279,often,よく,よく,280,866,80
280,often,度々,たびたび,281,866,4234
281,bank,銀行,ぎんこう,282,875,682
282,various,色々,いろいろ,283,880,1085
283,production,生産,せいさん,284,884,829
284,weight,重さ,おもさ,285,887,803
285,weight,重量,じゅうりょう,286,887,2324
286,weight,目方,めかた,287,887,4082
287,heart,心臓,しんぞう,288,889,3124
288,knowledge,知識,ちしき,289,897,4966
289,camera,カメラ,カメラ,290,900,671
290,girl,少女,しょうじょ,291,902,2063
291,construction,工事,こうじ,292,904,617
292,construction,建設,けんせつ,293,904,1455
293,golf,ゴルフ,ゴルフ,294,908,711
294,receive,もらう,もらう,295,909,180
295,half,半分,はんぶん,296,928,559
296,engineering,工学,こうがく,297,931,2372
297,license,免許証,めんきょしょう,298,937,1727
298,lake,湖,みずうみ,299,940,5137
299,church,教会,きょうかい,300,950,848
300,purchase,購入,こうにゅう,301,952,3559
301,hardware,ハードウェア,ハードウェア,302,957,4138
302,fire,火,ひ,303,960,408
303,fire,火事,かじ,304,960,613
304,holiday,祝日,しゅくじつ,305,961,1628
305,death,死,し,306,967,2775
306,death,死亡,しぼう,307,967,2779
307,speed,速さ,はやさ,308,969,1024
308,speed,スピード,スピード,309,969,2091
309,face,顔,かお,310,973,329
310,face,面する,めんする,311,973,4701
311,discount,値引き,ねびき,312,975,4469
312,yellow,黄色い,きいろい,313,983,344
313,yellow,黄色,きいろ,314,983,1472
314,stay,滞在,たいざい,315,1001,5251
315,nature,自然,しぜん,316,1002,1150
316,nature,天然,てんねん,317,1002,4527
317,summary,まとめ,まとめ,318,1006,5813
318,turn,曲がる,まがる,319,1007,284
319,growth,成長,せいちょう,320,1009,2860
320,king,王,おう,321,1012,3179
321,king,王様,おうさま,322,1012,3180
322,activity,活動,かつどう,323,1015,1017
323,employment,採用,さいよう,324,1024,1345
324,employment,雇用,こよう,325,1024,2999
325,employment,勤め先,つとめさき,326,1024,5048
326,contents,内容,ないよう,327,1031,1693
327,engine,エンジン,エンジン,328,1034,2074
328,album,アルバム,アルバム,329,1036,1076
329,stop,ストップ,ストップ,330,1038,2174
330,administration,行政,ぎょうせい,331,1041,2939
331,double,倍,ばい,332,1046,5376
332,dog,犬,いぬ,333,1047,1738
333,screen,画面,がめん,334,1049,2629
334,soon,もうじき,もうじき,335,1052,5983
335,season,季節,きせつ,336,1060,1277
336,season,シーズン,シーズン,337,1060,2298
337,someone,誰か,だれか,338,1062,1620
338,condition,条件,じょうけん,339,1067,1355
339,organization,構成,こうせい,340,1070,1459
340,volume,ボリューム,ボリューム,341,1082,5151
341,silver,銀,ぎん,342,1087,683
342,inside,内,うち,343,1090,2038
343,addition,足し算,たしざん,344,1096,919
344,addition,追加,ついか,345,1096,5068
345,executive,幹部,かんぶ,346,1102,3441
346,gas,ガス,ガス,347,1119,606
347,six,六,ろく,348,1121,15
348,advice,アドバイス,アドバイス,349,1124,2448
349,move,動く,うごく,350,1142,261
350,division,割り算,わりざん,351,1147,924
351,machine,機械,きかい,352,1153,1224
352,logo,マーク,マーク,353,1154,4528
353,length,長さ,ながさ,354,1155,653
354,actually,実は,じつは,355,1156,2598
355,statistics,統計,とうけい,356,1159,5130
356,capital,首都,しゅと,357,1163,1318
357,investment,投資,とうし,358,1166,1263
358,culture,文化,ぶんか,359,1172,977
359,registration,登録,とうろく,360,1181,5012
360,consumer,消費者,しょうひしゃ,361,1185,2693
361,airport,空港,くうこう,362,1187,1253
362,furniture,家具,かぐ,363,1191,2831
363,channel,チャンネル,チャンネル,364,1193,1226
364,letter,手紙,てがみ,365,1194,1057
365,summer,夏,なつ,366,1201,197
366,button,ボタン,ボタン,367,1205,931
367,male,雄,おす,368,1210,3830
368,song,歌,うた,369,1225,1065
369,idea,アイデア,アイデア,370,1234,2307
370,female,雌,めす,371,1236,5858
371,win,勝つ,かつ,372,1240,246
372,cancer,がん,がん,373,1244,3801
373,tool,道具,どうぐ,374,1247,4928
374,spring,春,はる,375,1249,196
375,schedule,スケジュール,スケジュール,376,1255,2356
376,bed,ベッド,ベッド,377,1260,766
377,police,警察,けいさつ,378,1262,1384
378,glass,ガラス,ガラス,379,1279,646
379,glass,グラス,グラス,380,1279,1131
380,sport,スポーツ,スポーツ,381,1291,551
381,animal,動物,どうぶつ,382,1294,1018
382,population,人口,じんこう,383,1297,469
383,round,丸い,まるい,384,1309,1763
384,understand,分かる,わかる,385,1312,59
385,recently,最近,さいきん,386,1316,648
386,probably,恐らく,おそらく,387,1317,3640
387,blood,血,ち,388,1323,1692
388,blood,血液,けつえき,389,1323,3482
389,cut,切る,きる,390,1324,253
390,cut,カット,かっと,391,1324,2373
391,transfer,転勤,てんきん,392,1337,5047
392,kitchen,台所,だいどころ,393,1339,782
393,kitchen,きっちん,きっちん,394,1339,3419
394,strong,強い,つよい,395,1340,239
395,hospital,病院,びょういん,396,1345,1187
396,hair,髪の毛,かみのけ,397,1357,387
397,budget,予算,よさん,398,1383,4619
398,success,成功,せいこう,399,1386,1259
399,quite,結構,けっこう,400,1391,3187
400,boy,少年,しょうねん,401,1393,435
401,beautiful,美しい,うつくしい,402,1397,378
402,beautiful,奇麗,きれい,403,1397,397
403,wine,ワイン,ワイン,404,1399,781
404,horse,馬,うま,405,1401,1739
405,directly,直接,ちょくせつ,406,1413,1094
406,son,息子,むすこ,407,1417,305
407,rule,ルール,ルール,408,1419,4226
408,bring,持って来る,もってくる,409,1425,822
409,mother,お母さん,おかあさん,410,1430,294
410,mother,母親,ははおや,411,1430,4784
411,modern,モダン,モダン,412,1444,5277
412,door,ドア,ドア,413,1449,250
413,door,扉,とびら,414,1449,5739
414,metal,金属,きんぞく,415,1466,3271
415,opinion,意見,いけん,416,1471,1215
416,abstract,抽象的,ちゅうしょうてき,417,1475,5086
417,output,出力,しゅつりょく,418,1477,2042
418,century,世紀,せいき,419,1505,1454
419,skin,皮膚,ひふ,420,1509,5722
420,ring,指輪,ゆびわ,421,1517,1493
421,mountain,山,やま,422,1521,479
422,mailing,郵送,ゆうそう,423,1525,4414
423,vehicle,乗り物,のりもの,424,1526,983
424,floor,床,ゆか,425,1533,1910
425,morning,朝,あさ,426,1544,138
426,rest,一休み,ひとやすみ,427,1547,4076
427,protein,蛋白質,たんぱくしつ,428,1548,5991
428,pool,プール,プール,429,1554,826
429,politics,政治,せいじ,430,1556,1304
430,fish,魚,さかな,431,1563,688
431,eye,目,め,432,1566,99
432,stage,段階,だんかい,433,1572,727
433,stage,ステージ,ステージ,434,1572,2439
434,race,人種,じんしゅ,435,1581,2644
435,moving,引っ越し,ひっこし,436,1593,1590
436,winter,冬,ふゆ,437,1604,199
437,battery,電池,でんち,438,1606,1400
438,pressure,圧力,あつりょく,439,1608,3339
439,television,テレビ,テレビ,440,1615,461
440,rent,家賃,やちん,441,1637,954
441,apple,りんご,りんご,442,1643,1071
442,theory,学説,がくせつ,443,1649,2843
443,theory,理論,りろん,444,1649,4823
444,enjoy,楽しむ,たのしむ,445,1650,273
445,beginning,初め,はじめ,446,1674,552
446,beginning,開始,かいし,447,1674,1028
447,beginning,始まり,はじまり,448,1674,4665
448,father,お父さん,おとうさん,449,1692,292
449,father,父親,ちちおや,450,1692,4785
450,driver,運転手,うんてんしゅ,451,1698,1009
451,unknown,未知,みち,452,1702,4349
452,unknown,不明,ふめい,453,1702,4368
453,restaurant,レストラン,レストラン,454,1704,731
454,teacher,先生,せんせい,455,1712,231
455,teacher,教師,きょうし,456,1712,1728
456,sometimes,時々,ときどき,457,1737,31
457,museum,博物館,はくぶつかん,458,1744,1722
458,wife,妻,つま,459,1750,364
459,wife,女房,にょうぼう,460,1750,5239
460,ten,十,じゅう,461,1755,23
461,zone,区域,くいき,462,1757,3407
462,die,死ぬ,しぬ,463,1763,317
463,die,亡くなる,なくなる,464,1763,1200
464,literature,文学,ぶんがく,465,1769,4450
465,parent,親,おや,466,1771,296
466,definition,定義,ていぎ,467,1786,4821
467,secretary,秘書,ひしょ,468,1787,5190
468,begin,始まる,はじまる,469,1805,267
469,switch,スイッチ,スイッチ,470,1810,906
470,cup,カップ,カップ,471,1822,1631
471,demand,需要,じゅよう,472,1829,3014
472,square,正方形,せいほうけい,473,1834,2894
473,square,真四角,ましかく,474,1834,4741
474,square,平方,へいほう,475,1834,4878
475,difference,差,さ,476,1845,2459
476,sheet,シーツ,シーツ,477,1853,2846
477,seven,七,なな,478,1855,16
478,seven,七,しち,479,1855,402
479,jump,ジャンプ,ジャンプ,480,1861,3012
480,jump,ぴょんと,ぴょんと,481,1861,5970
481,minister,大臣,だいじん,482,1870,5841
482,fashion,ファッション,ファッション,483,1873,4377
483,chance,チャンス,チャンス,484,1885,4283
484,ball,ボール,ボール,485,1887,886
485,wind,風,かぜ,486,1899,748
486,leather,革,かわ,487,1913,1320
487,temperature,温度,おんど,488,1916,744
488,temperature,気温,きおん,489,1916,745
489,palm,てのひら,てのひら,490,1917,5624
490,patient,患者,かんじゃ,491,1919,1639
491,historical,歴史的,れきしてき,492,1921,5200
492,perhaps,ひょっとしたら,ひょっとしたら,493,1926,5088
493,difficult,難しい,むずかしい,494,1928,244
494,satellite,衛星,えいせい,495,1930,3155
495,fit,合う,あう,496,1931,604
496,amateur,アマチュア,アマチュア,497,1935,2489
497,coffee,コーヒー,コーヒー,498,1942,871
498,cultural,文化的,ぶんかてき,499,1947,4863
499,poster,ポスター,ポスター,500,1952,5781
500,ice,氷,こおり,501,1960,1418
501,pink,ピンク,ピンク,502,1961,1126
502,balance,バランス,バランス,503,1963,4258
503,bus,バス,バス,504,1982,621
504,dictionary,辞書,じしょ,505,1985,1334
505,dictionary,字引,じびき,506,1985,2395
506,dictionary,辞典,じてん,507,1985,3545
507,chair,椅子,いす,508,1990,1991
508,bag,バッグ,バッグ,509,1995,996
509,professor,教授,きょうじゅ,510,2001,1729
510,shirt,シャツ,シャツ,511,2004,1026
511,religion,宗教,しゅうきょう,512,2021,3808
512,surgery,外科,げか,513,2025,2769
513,generation,世代,せだい,514,2030,2517
514,miss,乗り遅れる,のりおくれる,515,2032,4663
515,doctor,医者,いしゃ,516,2034,1190
516,doctor,お医者さん,おいしゃさん,517,2034,1192
517,leader,首脳,しゅのう,518,2047,2949
518,diamond,ダイヤモンド,ダイヤモンド,519,2048,4893
519,soft,柔らかい,やわらかい,520,2052,1753
520,soft,ふわふわ,ふわふわ,521,2052,5517
521,fuel,燃料,ねんりょう,522,2063,5489
522,pocket,ポケット,ポケット,523,2073,956
523,rose,ばら,ばら,524,2075,5504
524,freedom,自由,じゆう,525,2076,1155
525,competition,競争,きょうそう,526,2078,1393
526,fresh,新鮮,しんせん,527,2085,3714
527,platform,ホーム,ホーム,528,2134,831
528,platform,プラットホーム,プラットホーム,529,2134,5032
529,immediately,早速,さっそく,530,2138,2575
530,nursing,看護,かんご,531,2140,3399
531,defense,弁護,べんご,532,2141,5462
532,heavy,重い,おもい,533,2145,222
533,heavy,重たい,おもたい,534,2145,2321
534,orange,オレンジ,オレンジ,535,2164,1046
535,improvement,向上,こうじょう,536,2173,2096
536,improvement,改善,かいぜん,537,2173,3919
537,guitar,ギター,ギター,538,2175,1006
538,challenge,挑戦,ちょうせん,539,2185,5117
539,election,選挙,せんきょ,540,2198,1314
540,corner,コーナー,コーナー,541,2218,2506
541,birth,誕生,たんじょう,542,2223,5446
542,breakfast,朝食,ちょうしょく,543,2237,578
543,breakfast,朝御飯,あさごはん,544,2237,794
544,comparison,比較,ひかく,545,2255,5074
545,sorry,ご免,ごめん,546,2263,3549
546,opening,開放,かいほう,547,2265,3509
547,plastic,プラスチック,プラスチック,548,2272,801
548,truth,真理,しんり,549,2276,2635
549,weekend,週末,しゅうまつ,550,2281,703
550,weekend,週休,しゅうきゅう,551,2281,2039
551,weekend,ウィークエンド,ウィークエンド,552,2281,3709
552,dollar,ドル,ドル,553,2282,406
553,bridge,橋,はし,554,2289,1462
554,printing,印刷,いんさつ,555,2294,3245
555,baseball,野球,やきゅう,556,2295,1439
556,draft,下書き,したがき,557,2298,2133
557,profit,採算,さいさん,558,2314,3008
558,advertisement,広告,こうこく,559,2322,2262
559,parking,駐車,ちゅうしゃ,560,2324,5588
560,yesterday,昨日,きのう,561,2326,121
561,pattern,パターン,パターン,562,2357,4163
562,boat,ボート,ボート,563,2360,881
563,direction,方面,ほうめん,564,2372,4702
564,direction,方角,ほうがく,565,2372,4738
565,basketball,バスケットボール,バスケットボール,566,2374,1516
566,evening,夕方,ゆうがた,567,2378,575
567,brain,脳,のう,568,2386,5033
568,powerful,強力,きょうりょく,569,2389,2388
569,dream,夢,ゆめ,570,2390,1630
570,flower,花,はな,571,2395,497
571,flag,旗,はた,572,2413,1843
572,eight,八,はち,573,2439,18
573,iron,アイロン,アイロン,574,2441,1566
574,iron,鉄,てつ,575,2441,4271
575,interview,インタビュー,インタビュー,576,2455,2290
576,interview,面接,めんせつ,577,2455,4730
577,interview,対談,たいだん,578,2455,5008
578,clearly,はっきり,はっきり,579,2463,526
579,sweet,甘い,あまい,580,2466,359
580,desk,机,つくえ,581,2467,1785
581,festival,祭り,まつり,582,2492,1244
582,lack,欠く,かく,583,2498,2553
583,train,電車,でんしゃ,584,2505,165
584,train,汽車,きしゃ,585,2505,3947
585,train,列車,れっしゃ,586,2505,5317
586,exactly,きっちり,きっちり,587,2506,3195
587,dry,乾かす,かわかす,588,2507,1664
588,editorial,社説,しゃせつ,589,2551,2842
589,expression,表現,ひょうげん,590,2553,1052
590,speech,スピーチ,スピーチ,591,2557,2904
591,tape,録音テープ,ろくおんテープ,592,2565,5010
592,fight,闘う,たたかう,593,2575,5846
593,height,高さ,たかさ,594,2577,547
594,zero,ゼロ,ゼロ,595,2579,1121
595,speaker,スピーカー,スピーカー,596,2580,2556
596,marriage,結婚,けっこん,597,2594,309
597,bath,風呂,ふろ,598,2601,1948
598,theater,劇場,げきじょう,599,2609,3529
599,healthy,健康,けんこう,600,2615,1700
600,translation,翻訳,ほんやく,601,2616,5283
601,injury,怪我,けが,602,2620,1892
602,birthday,誕生日,たんじょうび,603,2634,1627
603,jazz,ジャズ,ジャズ,604,2652,2663
604,representative,代表,だいひょう,605,2670,1053
605,extreme,極端,きょくたん,606,2685,3205
606,row,漕ぐ,こぐ,607,2691,3969
607,sleep,眠る,ねむる,608,2705,1867
608,famous,有名,ゆうめい,609,2717,785
609,writer,筆者,ひっしゃ,610,2718,5773
610,violence,乱暴,らんぼう,611,2720,5628
611,drink,飲む,のむ,612,2724,145
612,eat,食べる,たべる,613,2728,144
613,agriculture,農業,のうぎょう,614,2730,1579
614,practical,実用的,じつようてき,615,2735,2757
615,seat,座席,ざせき,616,2740,2549
616,philosophy,哲学,てつがく,617,2747,5934
617,ticket,切符,きっぷ,618,2771,952
618,ticket,チケット,チケット,619,2771,1216
619,ticket,券,けん,620,2771,2515
620,import,輸入,ゆにゅう,621,2780,1490
621,moon,月,つき,622,2801,45
622,participation,参加,さんか,623,2802,1357
623,participation,出場,しゅつじょう,624,2802,2153
624,fly,飛ぶ,とぶ,625,2806,322
625,fly,はえ,はえ,626,2806,5681
626,combination,組み合わせ,くみあわせ,627,2810,2973
627,fear,恐れる,おそれる,628,2824,3639
628,bonus,ボーナス,ボーナス,629,2844,4446
629,smoking,喫煙,きつえん,630,2856,3686
630,dress,ドレス,ドレス,631,2868,4736
631,dress,ワンピース,ワンピース,632,2868,4887
632,happen,起こる,おこる,633,2877,352
633,clothes,服,ふく,634,2888,291
634,newspaper,新聞,しんぶん,635,2896,754
635,circuit,回路,かいろ,636,2898,2411
636,nine,九,きゅう,637,2910,21
637,nine,九,く,638,2910,403
638,promotion,推進,すいしん,639,2926,2982
639,importance,大事,だいじ,640,2946,614
640,rain,雨,あめ,641,2947,514
641,tennis,テニス,テニス,642,2960,921
642,bedroom,寝室,しんしつ,643,2963,3229
643,empty,空っぽ,からっぽ,644,2964,2053
644,hole,穴,あな,645,2966,1887
645,pair,対,つい,646,2978,4839
646,ideal,理想,りそう,647,2979,5083
647,stress,ストレス,ストレス,648,2989,2414
648,cream,クリーム,クリーム,649,2990,3161
649,encyclopedia,百科事典,ひゃっかじてん,650,3030,5563
650,usage,使用,しよう,651,3031,2212
651,ink,インク,インク,652,3033,1351
652,wheel,車輪,しゃりん,653,3043,3210
653,salt,塩,しお,654,3047,1574
654,poetry,詩,し,655,3049,3662
655,bell,ベル,ベル,656,3053,1346
656,noise,騒音,そうおん,657,3061,5589
657,climate,気候,きこう,658,3069,2945
658,kill,殺す,ころす,659,3096,1388
659,mathematics,数学,すうがく,660,3097,873
660,export,輸出,ゆしゅつ,661,3101,1492
661,coach,コーチ,コーチ,662,3126,2431
662,audience,観衆,かんしゅう,663,3131,3888
663,expenses,費用,ひよう,664,3158,4307
664,lose,負ける,まける,665,3169,247
665,chemistry,化学,かがく,666,3184,2530
666,neighborhood,近所,きんじょ,667,3186,780
667,anyway,どうせ,どうせ,668,3192,4647
668,logic,論理,ろんり,669,3198,4825
669,circle,円,えん,670,3201,27
670,circumstances,都合,つごう,671,3209,793
671,cooking,炊事,すいじ,672,3219,3695
672,arm,腕,うで,673,3230,391
673,chocolate,チョコレート,チョコレート,674,3267,1221
674,cotton,木綿,もめん,675,3274,1782
675,cotton,綿,めん,676,3274,5652
676,notebook,手帳,てちょう,677,3295,1859
677,husband,夫,おっと,678,3301,363
678,concert,コンサート,コンサート,679,3307,2207
679,efficiency,効率,こうりつ,680,3311,2810
680,efficiency,能率,のうりつ,681,3311,4924
681,comedy,喜劇,きげき,682,3313,3531
682,visa,ビザ,ビザ,683,3326,951
683,mouth,口,くち,684,3327,101
684,fruit,果物,くだもの,685,3342,1144
685,fruit,フルーツ,フルーツ,686,3342,5756
686,reform,改革,かいかく,687,3345,1319
687,lens,レンズ,レンズ,688,3346,4458
688,draw,描く,えがく,689,3350,3501
689,warm,暖かい,あたたかい,690,3359,204
690,objective,客観的,きゃっかんてき,691,3381,3146
691,sugar,砂糖,さとう,692,3383,1577
692,slide,スライド,スライド,693,3394,2805
693,formal,形式的,けいしきてき,694,3408,2756
694,storm,嵐,あらし,695,3413,3938
695,bowl,丼,どんぶり,696,3423,5711
696,paint,ペンキ,ペンキ,697,3445,4817
697,pilot,パイロット,パイロット,698,3447,4422
698,mirror,鏡,かがみ,699,3498,1714
699,catalogue,カタログ,カタログ,700,3511,2655
700,hate,大嫌い,だいきらい,701,3527,1770
701,tomorrow,明日,あした,702,3565,523
702,tomorrow,明日,みょうにち,703,3565,4106
703,milk,牛乳,ぎゅうにゅう,704,3567,1862
704,contest,コンテスト,コンテスト,705,3575,2954
705,absolutely,絶対,ぜったい,706,3582,3621
706,lunch,昼食,ちゅうしょく,707,3584,577
707,lunch,ランチ,ランチ,708,3584,1696
708,muscle,筋,すじ,709,3591,3750
709,tower,そびえる,そびえる,710,3599,4799
710,chicken,鶏,にわとり,711,3605,1837
711,shower,シャワー,シャワー,712,3608,1396
712,governor,知事,ちじ,713,3623,4348
713,swimming,水泳,すいえい,714,3628,1408
714,northwest,北西,ほくせい,715,3641,4112
715,classroom,教室,きょうしつ,716,3648,1123
716,democracy,民主,みんしゅ,717,3650,4819
717,classification,分類,ぶんるい,718,3692,4719
718,suit,スーツ,スーツ,719,3709,1211
719,comfortable,ゆったり,ゆったり,720,3746,4723
720,treat,ごちそうする,ごちそうする,721,3758,1841
721,treat,おごる,おごる,722,3758,3037
722,piano,ピアノ,ピアノ,723,3763,811
723,revolution,革命,かくめい,724,3771,2961
724,acquisition,獲得,かくとく,725,3794,3831
725,notification,通知,つうち,726,3802,4350
726,sensitive,敏感,びんかん,727,3826,5831
727,concrete,コンクリート,コンクリート,728,3834,2149
728,completion,完了,かんりょう,729,3841,3431
729,pearl,真珠,しんじゅ,730,3864,3961
730,smooth,すべすべ,すべすべ,731,3880,3643
731,strike,ストライキ,ストライキ,732,3884,2705
732,hundred,百,ひゃく,733,3926,24
733,bathroom,便所,べんじょ,734,3946,784
734,bathroom,風呂場,ふろば,735,3946,5930
735,humor,ユーモア,ユーモア,736,3971,4786
736,exception,例外,れいがい,737,3974,5320
737,seed,種,たね,738,4013,4718
738,welfare,福祉,ふくし,739,4022,5358
739,conclusion,結論,けつろん,740,4037,2737
740,thousand,千,せん,741,4040,25
741,formation,形成,けいせい,742,4063,2862
742,forever,いつまでも,いつまでも,743,4085,2331
743,captain,船長,せんちょう,744,4088,4942
744,heating,暖房,だんぼう,745,4092,1484
745,neck,首,くび,746,4094,327
746,stereo,ステレオ,ステレオ,747,4101,1456
747,belt,ベルト,ベルト,748,4121,1376
748,excess,超過,ちょうか,749,4133,5377
749,angle,角度,かくど,750,4157,2652
750,garage,車庫,しゃこ,751,4179,3122
751,unfortunately,あいにく,あいにく,752,4184,2995
752,prayer,祈り,いのり,753,4201,3909
753,cheese,チーズ,チーズ,754,4213,1271
754,underground,地下,ちか,755,4221,4222
755,diagnosis,診断,しんだん,756,4222,3490
756,crack,ひび,ひび,757,4224,5107
757,cake,ケーキ,ケーキ,758,4242,1196
758,pen,ペン,ペン,759,4269,1086
759,pipe,パイプ,パイプ,760,4312,4314
760,lecture,講演,こうえん,761,4316,3561
761,lecture,講義,こうぎ,762,4316,3562
762,classics,古典,こてん,763,4322,3544
763,dirty,汚い,きたない,764,4328,336
764,exhibition,展覧会,てんらんかい,765,4350,5839
765,cabinet,内閣,ないかく,766,4353,5845
766,composition,作曲,さっきょく,767,4365,2656
767,purple,紫,むらさき,768,4374,1950
768,prison,刑務所,けいむしょ,769,4390,3856
769,desert,砂漠,さばく,770,4409,3332
770,impossible,不可能,ふかのう,771,4446,4366
771,tissue,ティッシュ,ティッシュ,772,4466,1711
772,explanation,説明,せつめい,773,4474,1238
773,arrival,到着,とうちゃく,774,4484,5594
774,expense,経費,けいひ,775,4510,2429
775,establishment,確立,かくりつ,776,4542,2806
776,establishment,設置,せっち,777,4542,3190
777,mayor,市長,しちょう,778,4552,2299
778,pour,さす,さす,779,4561,3892
779,dust,ちり,ちり,780,4566,5158
780,dust,ほこり,ほこり,781,4566,5447
781,occupation,職業,しょくぎょう,782,4578,3018
782,diary,日記,にっき,783,4586,326
783,ward,区,く,784,4608,2306
784,roof,屋根,やね,785,4613,1678
785,kiss,キス,キス,786,4618,3070
786,experiment,実験,じっけん,787,4622,1037
787,absence,不在,ふざい,788,4642,4668
788,copper,銅,どう,789,4678,5547
789,receipt,レシート,レシート,790,4688,1701
790,receipt,受け取り,うけとり,791,4688,2330
791,southwest,南西,なんせい,792,4698,4109
792,boss,上司,じょうし,793,4699,3557
793,pride,プライド,プライド,794,4700,4931
794,uniform,制服,せいふく,795,4721,2675
795,intelligent,インテリ,インテリ,796,4767,2688
796,aluminum,アルミニウム,アルミニウム,797,4787,2456
797,repeat,繰り返す,くりかえす,798,4802,1497
798,flood,大水,おおみず,799,4817,2017
799,announcement,発表,はっぴょう,800,4827,1050
800,smile,にこにこ,にこにこ,801,4842,1526
801,smile,ほほえむ,ほほえむ,802,4842,5800
802,divorce,離婚,りこん,803,4862,1465
803,complaint,文句,もんく,804,4888,5789
804,scholarship,奨学金,しょうがくきん,805,4896,3899
805,burn,燃える,もえる,806,4915,1657
806,burn,やけど,やけど,807,4915,1791
807,burn,燃やす,もやす,808,4915,5490
808,bread,パン,パン,809,4920,846
809,wooden,木造,もくぞう,810,4922,4546
810,lie,嘘,うそ,811,4929,1957
811,conversation,会話,かいわ,812,4932,602
812,chest,胸,むね,813,4935,372
813,weak,弱い,よわい,814,4981,241
814,geography,地理,ちり,815,5002,4280
815,discrimination,差別,さべつ,816,5007,2749
816,vitamin,ビタミン,ビタミン,817,5014,5296
817,paradise,天国,てんごく,818,5022,4263
818,leaf,葉,は,819,5029,1683
819,leaf,葉っぱ,はっぱ,820,5029,5511
820,silk,絹,きぬ,821,5051,3648
821,romantic,ロマンチック,ロマンチック,822,5059,5466
822,examine,診る,みる,823,5064,5530
823,sad,悲しい,かなしい,824,5071,377
824,slowly,ゆっくり,ゆっくり,825,5074,726
825,rugby,ラグビー,ラグビー,826,5077,4484
826,kick,蹴る,ける,827,5089,1932
827,pot,鍋,なべ,828,5100,1794
828,earrings,イヤリング,イヤリング,829,5134,1581
829,passenger,乗客,じょうきゃく,830,5142,2540
830,egg,卵,たまご,831,5154,1737
831,robot,ロボット,ロボット,832,5191,426
832,wash,洗う,あらう,833,5204,1412
833,entrance,入り口,いりぐち,834,5207,472
834,illness,病気,びょうき,835,5235,316
835,southeast,南東,なんとう,836,5238,4110
836,soap,石鹸,せっけん,837,5253,2000
837,jam,ジャム,ジャム,838,5259,1606
838,increasingly,ますます,ますます,839,5266,4044
839,axis,軸,じく,840,5277,3869
840,hero,英雄,えいゆう,841,5294,3829
841,pace,ペース,ペース,842,5321,4465
842,observation,観測,かんそく,843,5336,3151
843,confirmation,確認,かくにん,844,5354,1220
844,supervisor,担任,たんにん,845,5358,5045
845,antenna,アンテナ,アンテナ,846,5371,2248
846,departure,出発,しゅっぱつ,847,5374,1048
847,shoulder,肩,かた,848,5380,388
848,diameter,直径,ちょっけい,849,5388,5709
849,doll,人形,にんぎょう,850,5390,1087
850,singer,歌手,かしゅ,851,5399,1067
851,rapidly,にわかに,にわかに,852,5427,5958
852,jeans,ジーパン,ジーパン,853,5445,2888
853,mood,ムード,ムード,854,5454,4359
854,favor,お願い,おねがい,855,5455,324
855,arrive,着く,つく,856,5474,988
856,sunset,日の入り,ひのいり,857,5476,4057
857,coal,石炭,せきたん,858,5528,3447
858,zoo,動物園,どうぶつえん,859,5536,1243
859,arrow,矢印,やじるし,860,5545,5657
860,suddenly,ぴたりと,ぴたりと,861,5557,5964
861,oxygen,酸素,さんそ,862,5558,3442
862,sleeve,袖,そで,863,5580,1977
863,beef,牛肉,ぎゅうにく,864,5584,685
864,crowd,群集,ぐんしゅう,865,5598,3716
865,crowd,人込み,ひとごみ,866,5598,4592
866,personality,人格,じんかく,867,5611,2245
867,rainbow,虹,にじ,868,5612,5938
868,gloves,手袋,てぶくろ,869,5616,1849
869,cord,コード,コード,870,5619,2423
870,cloud,雲,くも,871,5621,1440
871,knife,ナイフ,ナイフ,872,5631,1031
872,shelf,棚,たな,873,5634,1787
873,bookstore,書店,しょてん,874,5635,2226
874,crop,作物,さくもつ,875,5648,2313
875,sing,歌う,うたう,876,5694,275
876,perfume,香水,こうすい,877,5696,3872
877,sue,訴える,うったえる,878,5705,1642
878,hang,吊るす,つるす,879,5712,5971
879,hiking,ハイキング,ハイキング,880,5726,1551
880,photograph,写真,しゃしん,881,5732,1075
881,suicide,自殺,じさつ,882,5742,3076
882,logical,論理的,ろんりてき,883,5754,4859
883,automobile,自動車,じどうしゃ,884,5767,1149
884,northeast,北東,ほくとう,885,5773,4114
885,railway,鉄道,てつどう,886,5797,4269
886,mistake,ミス,ミス,887,5805,4390
887,sunglasses,サングラス,サングラス,888,5812,3186
888,stem,茎,くき,889,5836,3732
889,translate,訳す,やくす,890,5846,1538
890,broadcasting,放送,ほうそう,891,5890,1709
891,tail,尾,お,892,5936,3700
892,underwear,下着,したぎ,893,5942,990
893,underwear,肌着,はだぎ,894,5942,5749
894,nose,鼻,はな,895,5959,389
895,nylon,ナイロン,ナイロン,896,5992,1206
896,ceiling,天井,てんじょう,897,6000,1810
897,differ,異なる,ことなる,898,6074,1270
898,breath,息,いき,899,6080,2691
899,candle,ろうそく,ろうそく,900,6085,5926
900,panties,パンティー,パンティー,901,6118,5510
901,sisters,姉妹,しまい,902,6121,2687
902,soldier,兵士,へいし,903,6153,5613
903,bomb,爆弾,ばくだん,904,6158,5625
904,interval,間,あいだ,905,6160,544
905,brush,ブラシ,ブラシ,906,6165,5353
906,tongue,舌,した,907,6177,1825
907,skirt,スカート,スカート,908,6185,1081
908,suspect,怪しむ,あやしむ,909,6236,3820
909,cloth,布,ぬの,910,6280,5782
910,butter,バター,バター,911,6299,1321
911,pepper,こしょう,こしょう,912,6300,3635
912,bow,お辞儀,おじぎ,913,6335,1840
913,toilet,トイレ,トイレ,914,6347,791
914,calculation,計算,けいさん,915,6372,917
915,necklace,ネックレス,ネックレス,916,6411,1481
916,footwear,履物,はきもの,917,6440,5736
917,demonstration,デモ,デモ,918,6500,4119
918,graduation,卒業,そつぎょう,919,6504,1348
919,brake,ブレーキ,ブレーキ,920,6517,4384
920,pond,池,いけ,921,6565,1399
921,dam,ダム,ダム,922,6578,4502
922,separately,別々,べつべつ,923,6580,1175
923,separately,ばらばら,ばらばら,924,6580,5025
924,tire,タイヤ,タイヤ,925,6587,4584
925,friendship,親善,しんぜん,926,6595,3920
926,friendship,友情,ゆうじょう,927,6595,4330
927,passport,パスポート,パスポート,928,6597,991
928,scales,はかり,はかり,929,6608,5693
929,somehow,どうにか,どうにか,930,6615,4836
930,homework,宿題,しゅくだい,931,6634,1118
931,treaty,条約,じょうやく,932,6651,3019
932,lemon,レモン,レモン,933,6659,1266
933,joke,冗談,じょうだん,934,6675,1885
934,celebrate,お祝い,おいわい,935,6691,1629
935,bench,ベンチ,ベンチ,936,6699,4824
936,radius,半径,はんけい,937,6704,5710
937,salad,サラダ,サラダ,938,6737,1366
938,veteran,ベテラン,ベテラン,939,6768,4440
939,landing,着陸,ちゃくりく,940,6770,5228
940,reunion,再会,さいかい,941,6789,3506
941,float,浮かぶ,うかぶ,942,6803,3111
942,float,浮く,うく,943,6803,3114
943,equality,同等,どうとう,944,6824,4884
944,companion,連れ,つれ,945,6838,4996
945,swim,泳ぐ,およぐ,946,6845,1407
946,tunnel,トンネル,トンネル,947,6860,4251
947,wheat,小麦,こむぎ,948,6869,3691
948,wheat,麦,むぎ,949,6869,5715
949,distribute,配る,くばる,950,6874,804
950,bee,蜂,はち,951,6885,5992
951,bride,花嫁,はなよめ,952,6890,5797
952,scientist,科学者,かがくしゃ,953,6924,2766
953,inflation,インフレーション,インフレーション,954,6943,3701
954,knee,ひざ,ひざ,955,7034,1916
955,rarely,めったに,めったに,956,7073,971
956,rarely,まれ,まれ,957,7073,5838
957,bicycle,自転車,じてんしゃ,958,7084,311
958,humidity,湿度,しつど,959,7097,3131
959,protest,抗議,こうぎ,960,7148,3629
960,invention,発明,はつめい,961,7155,4677
961,nickname,あだ名,あだな,962,7156,3668
962,cancellation,キャンセル,キャンセル,963,7191,2838
963,butterfly,蝶蝶,ちょうちょう,964,7213,5962
964,uncle,おじ,おじ,965,7224,1141
965,uncle,おじさん,おじさん,966,7224,1371
966,reflection,反映,はんえい,967,7228,4833
967,reflection,反射,はんしゃ,968,7228,5392
968,invitation,招待,しょうたい,969,7232,1613
969,journalism,ジャーナリズム,ジャーナリズム,970,7287,2896
970,frog,かえる,かえる,971,7293,2746
971,grammar,文法,ぶんぽう,972,7294,4529
972,semiconductor,半導体,はんどうたい,973,7309,5399
973,ribbon,リボン,リボン,974,7334,1446
974,impression,印象,いんしょう,975,7353,3242
975,transparent,透明,とうめい,976,7379,5398
976,boom,ブーム,ブーム,977,7386,4075
977,fork,フォーク,フォーク,978,7405,1461
978,twins,双子,ふたご,979,7430,5921
979,triangle,三角,さんかく,980,7435,1097
980,triangle,三角形,さんかくけい,981,7435,2653
981,hydrogen,水素,すいそ,982,7446,3445
982,tray,盆,ぼん,983,7455,5906
983,bat,バット,バット,984,7477,5013
984,embassy,大使館,たいしかん,985,7511,1114
985,indirect,間接,かんせつ,986,7518,2650
986,wool,ウール,ウール,987,7520,1531
987,volleyball,バレーボール,バレーボール,988,7524,1326
988,horizon,水平線,すいへいせん,989,7527,2760
989,horizon,地平線,ちへいせん,990,7527,4875
990,karaoke,カラオケ,カラオケ,991,7582,2580
991,trap,挟む,はさむ,992,7583,5956
992,vegetable,野菜,やさい,993,7658,690
993,humanities,人文科学,じんぶんかがく,994,7661,2773
994,scratch,掻く,かく,995,7665,3978
995,belly,腹,はら,996,7749,5518
996,thumb,親指,おやゆび,997,7799,2683
997,stomach,おなか,おなか,998,7838,300
998,stomach,胃,い,999,7838,1689
999,fate,運命,うんめい,1000,7888,2965
1000,battlefield,戦場,せんじょう,1001,7920,3082
1001,envelope,封筒,ふうとう,1002,7956,1868
1002,disco,ディスコ,ディスコ,1003,7965,4691
1003,pig,豚,ぶた,1004,7993,1834
1004,imagination,想像,そうぞう,1005,7999,5084
1005,actress,女優,じょゆう,1006,8008,3357
1006,chorus,合唱,がっしょう,1007,8026,3873
1007,rhythm,リズム,リズム,1008,8028,4654
1008,rope,ロープ,ロープ,1009,8050,4496
1009,unexpected,思いがけない,おもいがけない,1010,8101,2276
1010,characteristic,特色,とくしょく,1011,8104,4845
1011,defeat,破る,やぶる,1012,8135,5098
1012,sunrise,日の出,ひので,1013,8162,4061
1013,fur,毛皮,けがわ,1014,8165,3698
1014,affiliation,系列,けいれつ,1015,8173,3645
1015,thickness,厚さ,あつさ,1016,8197,1584
1016,genius,天才,てんさい,1017,8200,4354
1017,balloon,風船,ふうせん,1018,8246,4944
1018,ham,ハム,ハム,1019,8250,1556
1019,peninsula,半島,はんとう,1020,8354,4945
1020,tent,テント,テント,1021,8402,876
1021,questionnaire,アンケート,アンケート,1022,8405,2348
1022,earthquake,地震,じしん,1023,8449,1443
1023,poet,詩人,しじん,1024,8482,3663
1024,surname,名字,みょうじ,1025,8484,787
1025,potato,ジャガイモ,ジャガイモ,1026,8549,1861
1026,onion,玉ねぎ,たまねぎ,1027,8560,5927
1027,sandwich,サンドイッチ,サンドイッチ,1028,8563,1521
1028,girlfriend,ガールフレンド,ガールフレンド,1029,8568,1586
1029,textbook,教科書,きょうかしょ,1030,8617,1198
1030,lighter,ライター,ライター,1031,8657,1386
1031,pillow,枕,まくら,1032,8672,1956
1032,marathon,マラソン,マラソン,1033,8736,4471
1033,ant,あり,あり,1034,8737,3601
1034,gasoline,ガソリン,ガソリン,1035,8741,2365
1035,badge,バッジ,バッジ,1036,8768,4950
1036,wrist,手首,てくび,1037,8769,5031
1037,tremendous,物凄い,ものすごい,1038,8774,5966
1038,postcard,葉書,はがき,1039,8793,1685
1039,elephant,象,ぞう,1040,8794,5085
1040,scholar,学者,がくしゃ,1041,8798,2694
1041,ambassador,大使,たいし,1042,8832,4301
1042,phenomenon,現象,げんしょう,1043,8866,3041
1043,pork,豚肉,ぶたにく,1044,8947,1835
1044,frost,霜,しも,1045,8985,3885
1045,stationery,文房具,ぶんぼうぐ,1046,9012,1485
1046,cliff,崖,がけ,1047,9036,3937
1047,journalist,ジャーナリスト,ジャーナリスト,1048,9042,2273
1048,yen,円,えん,1049,9150,28
1049,refrigerator,冷蔵庫,れいぞうこ,1050,9208,1424
1050,sacrifice,犠牲,ぎせい,1051,9280,3744
1051,emperor,天皇,てんのう,1052,9295,5929
1052,tomato,トマト,トマト,1053,9324,1316
1053,undertake,引き受ける,ひきうける,1054,9347,4464
1054,tear,涙,なみだ,1055,9356,1633
1055,painful,痛い,いたい,1056,9372,318
1056,banana,バナナ,バナナ,1057,9397,1156
1057,tooth,歯,は,1058,9414,1194
1058,helicopter,ヘリコプター,ヘリコプター,1059,9441,4233
1059,pencil,鉛筆,えんぴつ,1060,9442,1844
1060,ladder,はしご,はしご,1061,9460,5699
1061,heel,かかと,かかと,1062,9509,3759
1062,blanket,毛布,もうふ,1063,9523,1853
1063,picnic,ピクニック,ピクニック,1064,9556,1646
1064,temporarily,一時,いちじ,1065,9612,2001
1065,detective,刑事,けいじ,1066,9630,3857
1066,persistent,しつこい,しつこい,1067,9645,2937
1067,aquarium,水族館,すいぞくかん,1068,9655,2685
1068,violin,バイオリン,バイオリン,1069,9656,986
1069,enclosure,同封,どうふう,1070,9676,5805
1070,mailman,郵便屋さん,ゆうびんやさん,1071,9722,773
1071,airplane,飛行機,ひこうき,1072,9777,323
1072,advancement,進出,しんしゅつ,1073,9793,2975
1073,advancement,進行,しんこう,1074,9793,2976
1074,advancement,前進,ぜんしん,1075,9793,2978
1075,knock,どんどん,どんどん,1076,9810,666
1076,knock,ノック,ノック,1077,9810,1716
1077,optimum,最適,さいてき,1078,9822,3129
1078,flour,小麦粉,こむぎこ,1079,9857,3692
1079,gentleman,紳士,しんし,1080,9891,3650
1080,continent,大陸,たいりく,1081,9952,5226
1081,strengthening,強化,きょうか,1082,9971,975
1082,subjective,主観的,しゅかんてき,1083,9987,3148
1083,stake,懸ける,かける,1084,9992,3687
1084,fatigue,疲労,ひろう,1085,10055,5350
1085,bitter,苦い,にがい,1086,10079,1567
1086,landlord,大家,おおや,1087,10169,2071
1087,landlord,家主,やぬし,1088,10169,4820
1088,towel,タオル,タオル,1089,10194,1181
1089,carpenter,大工,だいく,1090,10240,4198
1090,handbag,ハンドバッグ,ハンドバッグ,1091,10255,1341
1091,boyfriend,ボーイフレンド,ボーイフレンド,1092,10266,1561
1092,curtain,カーテン,カーテン,1093,10294,1021
1093,curtain,幕,まく,1094,10294,5754
1094,kindergarten,幼稚園,ようちえん,1095,10436,1894
1095,bud,つぼみ,つぼみ,1096,10541,5599
1096,dentist,歯医者,はいしゃ,1097,10543,1193
1097,bump,ぶつける,ぶつける,1098,10588,4578
1098,aunt,おば,おば,1099,10627,1466
1099,aunt,おばさん,おばさん,1100,10627,1821
1100,closet,押し入れ,おしいれ,1101,10648,859
1101,gram,グラム,グラム,1102,10679,866
1102,alphabet,アルファベット,アルファベット,1103,10686,3327
1103,sweat,汗,あせ,1104,10703,3868
1104,dentistry,歯科,しか,1105,10778,2770
1105,chill,寒気,さむけ,1106,10793,2254
1106,vivid,鮮やか,あざやか,1107,10810,3715
1107,upstream,上流,じょうりゅう,1108,10841,3099
1108,continuation,継続,けいぞく,1109,10843,3198
1109,servant,使用人,しようにん,1110,10846,2214
1110,wheelchair,車椅子,くるまいす,1111,10883,3991
1111,bucket,バケツ,バケツ,1112,10906,4981
1112,dessert,デザート,デザート,1113,10939,5321
1113,ambulance,救急車,きゅうきゅうしゃ,1114,10987,1380
1114,collision,追突,ついとつ,1115,11052,5608
1115,elastic,ゴム,ゴム,1116,11130,1001
1116,melody,メロディー,メロディー,1117,11131,4855
1117,cousin,いとこ,いとこ,1118,11133,1241
1118,headache,頭痛,ずつう,1119,11228,2951
1119,strawberry,苺,いちご,1120,11311,1988
1120,elevator,エレベーター,エレベーター,1121,11315,836
1121,ankle,足首,あしくび,1122,11344,2948
1122,borrow,借りる,かりる,1123,11358,930
1123,bamboo,竹,たけ,1124,11360,5772
1124,vibration,振動,しんどう,1125,11369,3160
1125,overtime,残業,ざんぎょう,1126,11417,2468
1126,substitution,代わり,かわり,1127,11441,2518
1127,spoon,スプーン,スプーン,1128,11594,1436
1128,locker,ロッカー,ロッカー,1129,11612,4925
1129,grandfather,お祖父さん,おじいさん,1130,11629,1939
1130,grandfather,祖父,そふ,1131,11629,1942
1131,subway,地下鉄,ちかてつ,1132,11661,684
1132,sightseeing,見物,けんぶつ,1133,11677,799
1133,sightseeing,観光,かんこう,1134,11677,3150
1134,spill,こぼす,こぼす,1135,11777,1691
1135,etiquette,エチケット,エチケット,1136,11811,3543
1136,initiation,入門,にゅうもん,1137,11830,4118
1137,noun,名詞,めいし,1138,11875,5570
1138,swallow,つばめ,つばめ,1139,11883,5580
1139,squid,いか,いか,1140,11889,3684
1140,simultaneous,同時,どうじ,1141,11933,4744
1141,symptom,症状,しょうじょう,1142,11976,3496
1142,laughter,笑い,わらい,1143,11977,5455
1143,laughter,笑い声,わらいごえ,1144,11977,5584
1144,ignorance,無知,むち,1145,11981,4351
1145,sour,酸っぱい,すっぱい,1146,12027,368
1146,verb,動詞,どうし,1147,12094,5569
1147,noisy,騒がしい,さわがしい,1148,12104,3574
1148,regret,後悔,こうかい,1149,12121,3802
1149,regret,惜しむ,おしむ,1150,12121,3813
1150,grandmother,お祖母さん,おばあさん,1151,12146,1940
1151,grandmother,祖母,そぼ,1152,12146,1943
1152,downstream,下流,かりゅう,1153,12157,3100
1153,viewpoint,視点,してん,1154,12203,3512
1154,capitalism,資本主義,しほんしゅぎ,1155,12271,2884
1155,cheating,カンニング,カンニング,1156,12334,3369
1156,conscience,良心,りょうしん,1157,12397,4342
1157,crush,潰れる,つぶれる,1158,12398,5950
1158,tasty,おいしい,おいしい,1159,12426,390
1159,cushion,座布団,ざぶとん,1160,12446,3753
1160,pediatrics,小児科,しょうにか,1161,12595,3768
1161,sushi,寿司,すし,1162,12598,1795
1162,elbow,ひじ,ひじ,1163,12610,1921
1163,strongest,最強,さいきょう,1164,12622,2391
1164,pumpkin,かぼちゃ,かぼちゃ,1165,12670,3145
1165,razor,かみそり,かみそり,1166,12682,3477
1166,cough,咳,せき,1167,12683,3973
1167,pedestrian,歩行者,ほこうしゃ,1168,12738,4793
1168,panda,ぱんだ,ぱんだ,1169,12765,5258
1169,midst,真っ最中,まっさいちゅう,1170,12856,4709
1170,appetite,食欲,しょくよく,1171,12944,2623
1171,shortcut,近道,ちかみち,1172,12967,4238
1172,feather,羽根,はね,1173,12983,5740
1173,tightly,ぎっしり,ぎっしり,1174,12994,3809
1174,eternity,永遠,えいえん,1175,13028,3117
1175,eternity,永久,えいきゅう,1176,13028,3118
1176,tuberculosis,結核,けっかく,1177,13060,3614
1177,shutter,シャッター,シャッター,1178,13077,2547
1178,toast,トースト,トースト,1179,13157,5410
1179,sigh,溜め息,ためいき,1180,13389,5978
1180,interpreting,通訳,つうやく,1181,13467,5285
1181,irregular,不規則,ふきそく,1182,13587,4533
1182,singular,単数,たんすう,1183,13600,4507
1183,volcano,火山,かざん,1184,13644,2048
1184,ashes,灰,はい,1185,13795,1819
1185,poisoning,中毒,ちゅうどく,1186,13849,5533
1186,plum,梅,うめ,1187,13932,3928
1187,crossroads,十字路,じゅうじろ,1188,13982,2163
1188,housewife,主婦,しゅふ,1189,14020,3376
1189,pistol,ピストル,ピストル,1190,14085,4628
1190,supermarket,スーパーマーケット,スーパーマーケット,1191,14148,1411
1191,tuna,まぐろ,まぐろ,1192,14257,5038
1192,harmless,無害,むがい,1193,14453,5096
1193,dispersion,分散,ぶんさん,1194,14465,5497
1194,curiosity,好奇心,こうきしん,1195,14466,3173
1195,boiling,沸騰,ふっとう,1196,14521,5885
1196,bathing,入浴,にゅうよく,1197,14565,5680
1197,rectangle,長方形,ちょうほうけい,1198,14636,4715
1198,supper,夕食,ゆうしょく,1199,14664,579
1199,instability,不安定,ふあんてい,1200,14670,4611
1200,cheek,ほほ,ほほ,1201,14743,5794
1201,cheek,頬,ほお,1202,14743,5996
1202,exhausted,くたくた,くたくた,1203,14778,3626
1203,mosquito,蚊,か,1204,14805,1964
1204,rewrite,書き直す,かきなおす,1205,14860,281
1205,grapes,ぶどう,ぶどう,1206,14877,966
1206,steadily,どんどん,どんどん,1207,14921,4182
1207,ruler,物差し,ものさし,1208,14974,4562
1208,airmail,航空便,こうくうびん,1209,14985,1249
1209,airmail,エアメール,エアメール,1210,14985,1776
1210,apologize,謝る,あやまる,1211,15033,1598
1211,apologize,お詫び,おわび,1212,15033,3993
1212,apologize,詫びる,わびる,1213,15033,5995
1213,shave,剃る,そる,1214,15075,1982
1214,resignation,辞任,じにん,1215,15150,2984
1215,halfway,中途,ちゅうと,1216,15254,5335
1216,kindness,親切,しんせつ,1217,15279,2681
1217,politician,政治家,せいじか,1218,15291,2940
1218,disadvantage,不利,ふり,1219,15341,4537
1219,chalk,チョーク,チョーク,1220,15366,1706
1220,cultivation,栽培,さいばい,1221,15377,3797
1221,pineapple,ぱいなっぷる,ぱいなっぷる,1222,15408,5252
1222,nap,昼寝,ひるね,1223,15456,1509
1223,sharply,がくんと,がくんと,1224,15468,3967
1224,vinegar,酢,す,1225,15476,3913
1225,robbery,強盗,ごうとう,1226,15562,3075
1226,boil,ゆでる,ゆでる,1227,15633,5895
1227,barley,大麦,おおむぎ,1228,15641,3694
1228,desperately,必死に,ひっしに,1229,15684,4894
1229,indoors,室内,しつない,1230,15762,2676
1230,courthouse,裁判所,さいばんしょ,1231,15940,3405
1231,kettle,やかん,やかん,1232,15959,1936
1232,slippers,スリッパ,スリッパ,1233,16007,1611
1233,bookshelf,本棚,ほんだな,1234,16010,1788
1234,comb,くし,くし,1235,16013,1826
1235,sleepy,眠い,ねむい,1236,16111,1865
1236,sleepy,眠たい,ねむたい,1237,16111,5801
1237,cabbage,キャベツ,キャベツ,1238,16414,2962
1238,pronunciation,発音,はつおん,1239,16565,4688
1239,manners,マナー,マナー,1240,16575,5019
1240,diarrhea,下痢,げり,1241,16627,3936
1241,nod,うなずく,うなずく,1242,16642,3742
1242,thermometer,寒暖計,かんだんけい,1243,16771,2458
1243,thermometer,体温計,たいおんけい,1244,16771,4560
1244,whisper,囁く,ささやく,1245,16785,3972
1245,furious,かんかん,かんかん,1246,16835,3568
1246,decorate,飾る,かざる,1247,17105,1858
1247,blackboard,黒板,こくばん,1248,17160,1679
1248,footprint,足跡,あしあと,1249,17174,3172
1249,dislike,嫌い,きらい,1250,17397,384
1250,dislike,嫌う,きらう,1251,17397,3624
1251,punish,罰する,ばっする,1252,17439,5874
1252,sparkle,きらりと,きらりと,1253,17533,3975
1253,wander,うろうろ,うろうろ,1254,17542,3228
1254,spinach,ほうれん草,ほうれんそう,1255,17645,5508
1255,instinct,本能,ほんのう,1256,17800,4355
1256,carrot,にんじん,にんじん,1257,17803,1901
1257,bullying,苛め,いじめ,1258,17807,3986
1258,sibling,兄弟,きょうだい,1259,17889,1137
1259,stare,じろじろ,じろじろ,1260,17937,3593
1260,stare,見つめる,みつめる,1261,17937,4164
1261,contradiction,矛盾,むじゅん,1262,17944,5869
1262,multiplication,掛け算,かけざん,1263,17996,1872
1263,souvenir,お土産,おみやげ,1264,18019,830
1264,souvenir,土産,みやげ,1265,18019,4447
1265,cucumber,きゅうり,きゅうり,1266,18025,3203
1266,tapping,とんとん,とんとん,1267,18194,1896
1267,rumble,ごろごろ,ごろごろ,1268,18227,3054
1268,sparrow,雀,すずめ,1269,18363,3997
1269,sinking,沈没,ちんぼつ,1270,18374,5159
1270,nephew,甥,おい,1271,18386,3998
1271,childbirth,出産,しゅっさん,1272,18461,2367
1272,liar,嘘つき,うそつき,1273,18567,3932
1273,plural,複数,ふくすう,1274,18603,4503
1274,weekday,平日,へいじつ,1275,18806,4879
1275,homecoming,帰省,きせい,1276,18807,3275
1276,subordinate,部下,ぶか,1277,18868,4257
1277,consulate,領事館,りょうじかん,1278,18892,5040
1278,businessman,業者,ぎょうしゃ,1279,18894,1138
1279,ophthalmology,眼科,がんか,1280,18922,3772
1280,videotape,ビデオテープ,ビデオテープ,1281,19088,1421
1281,digestion,消化,しょうか,1282,19098,2532
1282,hereafter,以降,いこう,1283,19225,2665
1283,persuasion,説得,せっとく,1284,19283,3437
1284,farmhouse,農家,のうか,1285,19315,5363
1285,oneself,自ら,みずから,1286,19381,4807
1286,abbreviation,略,りゃく,1287,19386,5311
1287,whisky,ウィスキー,ウィスキー,1288,19494,1771
1288,haiku,俳句,はいく,1289,20326,5829
1289,wrinkle,しわ,しわ,1290,20390,3933
1290,typewriter,タイプライター,タイプライター,1291,20645,1311
1291,hardness,硬さ,かたさ,1292,20803,3598
1292,hamburger,ハンバーガー,ハンバーガー,1293,21149,1171
1293,soaked,びしょびしょ,びしょびしょ,1294,21291,5214
1294,soaked,びっしょり,びっしょり,1295,21291,5265
1295,pajamas,パジャマ,パジャマ,1296,21307,1486
1296,unmarried,未婚,みこん,1297,21341,4800
1297,unexpectedly,案外,あんがい,1298,21349,2914
1298,jogging,ジョギング,ジョギング,1299,21548,2597
1299,waiter,ウェーター,ウェーター,1300,21737,1946
1300,waiter,ボーイ,ボーイ,1301,21737,5057
1301,typhoon,台風,たいふう,1302,21743,749
1302,tickle,くすぐる,くすぐる,1303,22160,3842
1303,acquaintance,知り合い,しりあい,1304,22164,2284
1304,blouse,ブラウス,ブラウス,1305,22177,1441
1305,octopus,たこ,たこ,1306,22178,5315
1306,policeman,お巡りさん,おまわりさん,1307,22301,1882
1307,broom,ほうき,ほうき,1308,22431,5775
1308,insolvency,倒産,とうさん,1309,22818,5596
1309,misunderstanding,誤解,ごかい,1310,22960,3258
1310,misunderstanding,勘違い,かんちがい,1311,22960,3882
1311,admiration,感心,かんしん,1312,23032,3035
1312,dialect,方言,ほうげん,1313,23104,4169
1313,tofu,豆腐,とうふ,1314,23403,1909
1314,telegram,電報,でんぽう,1315,23450,4335
1315,bookcase,本箱,ほんばこ,1316,23516,1848
1316,salty,塩辛い,しおからい,1317,23698,1575
1317,itchy,かゆい,かゆい,1318,23869,1596
1318,desperation,必死,ひっし,1319,23875,4891
1319,adjective,形容詞,けいようし,1320,23913,3556
1320,eraser,消しゴム,けしごむ,1321,24047,715
1321,angling,釣り,つり,1322,24049,5672
1322,rattle,がたがた,がたがた,1323,24098,3361
1323,niece,姪,めい,1324,24230,1987
1324,archipelago,列島,れっとう,1325,24639,5318
1325,legislator,議員,ぎいん,1326,24662,1164
1326,judo,柔道,じゅうどう,1327,24664,1752
1327,waitress,ウェートレス,ウェートレス,1328,24712,1816
1328,pliers,ペンチ,ペンチ,1329,25019,5271
1329,toothbrush,歯ブラシ,はぶらし,1330,25070,1195
1330,subtraction,引き算,ひきざん,1331,25516,918
1331,eyebrows,眉毛,まゆげ,1332,25631,5988
1332,humid,蒸し暑い,むしあつい,1333,25920,5880
1333,smog,スモッグ,スモッグ,1334,25952,3452
1334,affirmation,肯定,こうてい,1335,25989,3401
1335,seniority,年長,ねんちょう,1336,26094,4241
1336,equator,赤道,せきどう,1337,26098,2194
1337,tropics,熱帯,ねったい,1338,26150,5254
1338,refreshed,すっきり,すっきり,1339,26208,2987
1339,prefecture,県,けん,1340,26310,2296
1340,racket,ラケット,ラケット,1341,26322,1281
1341,submittal,提出,ていしゅつ,1342,26375,4985
1342,eel,ウナギ,ウナギ,1343,26981,3128
1343,neutrality,中立,ちゅうりつ,1344,27136,4639
1344,snoring,いびき,いびき,1345,27141,3336
1345,rooftop,屋上,おくじょう,1346,27155,2200
1346,foreigner,外国人,がいこくじん,1347,27320,672
1347,internationalization,国際化,こくさいか,1348,27420,2852
1348,boldly,あえて,あえて,1349,27596,2257
1349,eyebrow,眉,まゆ,1350,27661,5987
1350,impatient,せっかち,せっかち,1351,27965,3269
1351,eggplant,茄子,なす,1352,28052,1989
1352,watermelon,すいか,すいか,1353,28296,1496
1353,reluctantly,いやいや,いやいや,1354,28593,3386
1354,superstition,迷信,めいしん,1355,28924,5469
1355,midsummer,真夏,まなつ,1356,30039,4707
1356,sharpness,切れ,きれ,1357,30484,2513
1357,handshake,握手,あくしゅ,1358,30759,1879
1358,radioactivity,放射能,ほうしゃのう,1359,31669,5540
1359,puncture,パンク,パンク,1360,31810,4742
1360,ashtray,灰皿,はいざら,1361,32215,1818
1361,mayonnaise,マヨネーズ,マヨネーズ,1362,32621,5359
1362,yawn,あくび,あくび,1363,32664,1676
1363,inconvenient,不便,ふべん,1364,32934,772
1364,seawater,海水,かいすい,1365,33334,2056
1365,takeoff,離陸,りりく,1366,33962,5229
1366,shrinkage,縮み,ちぢみ,1367,34394,5370
1367,guarantor,保証人,ほしょうにん,1368,34781,4905
1368,impossibility,無理,むり,1369,35967,4290
1369,flatter,おだてる,おだてる,1370,35995,3751
1370,quarrel,口げんか,くちげんか,1371,36034,2045
1371,eyelid,まぶた,まぶた,1372,36573,5832
1372,grandchild,孫,まご,1373,36606,1780
1373,valuables,貴重品,きちょうひん,1374,36618,3169
1374,betray,裏切る,うらぎる,1375,37100,3235
1375,shiver,ぶるぶる,ぶるぶる,1376,37899,5145
1376,classmate,同級生,どうきゅうせい,1377,37947,5515
1377,handkerchief,ハンカチ,ハンカチ,1378,38027,1416
1378,beggar,乞食,こじき,1379,38160,3965
1379,pronoun,代名詞,だいめいし,1380,38652,5572
1380,teacup,湯飲み,ゆのみ,1381,39979,5691
1381,crosswalk,横断歩道,おうだんほどう,1382,42267,1478
1382,wobble,ぐらぐら,ぐらぐら,1383,43135,1601
1383,intonation,イントネーション,イントネーション,1384,43475,3352
1384,fainting,気絶,きぜつ,1385,44199,3622
1385,sneeze,くしゃみ,くしゃみ,1386,47754,3502
1386,escalator,エスカレーター,エスカレーター,1387,47979,1176
1387,ticklish,くすぐったい,くすぐったい,1388,48122,3518
1388,errand,使い,つかい,1389,48813,4304
1389,slimy,ぬるぬる,ぬるぬる,1390,48820,5334
1390,commonality,共通,きょうつう,1391,49026,2657
1391,chrysanthemum,菊,きく,1392,50627,3953
1392,bridegroom,花婿,はなむこ,1393,51526,5798
1393,chopsticks,箸,はし,1394,51733,1993
1394,exaggerate,大げさ,おおげさ,1395,52027,2015
1395,exaggerate,オーバー,オーバー,1396,52027,2763
1396,fluently,ぺらぺら,ぺらぺら,1397,52438,1751
1397,kabuki,歌舞伎,かぶき,1398,53461,3971
1398,raincoat,レインコート,レインコート,1399,54813,1756
1399,adverb,副詞,ふくし,1400,55669,5571
1400,grumble,ぶつぶつ,ぶつぶつ,1401,57408,5139
1401,laver,海苔,のり,1402,62004,5981
1402,memorization,暗記,あんき,1403,62756,2926
1403,prefectural,府立,ふりつ,1404,65964,5024
1404,katakana,片仮名,かたかな,1405,66594,375
1405,newlywed,新婚,しんこん,1406,68916,2700
1406,suntan,日焼け,ひやけ,1407,70620,5491
1407,rustle,がさがさ,がさがさ,1408,72008,3767
1408,hiragana,平仮名,ひらがな,1409,72546,376
1409,videotaping,録画,ろくが,1410,74156,5009
1410,irresponsibility,無責任,むせきにん,1411,76055,5046
1411,derailment,脱線,だっせん,1412,80120,4735
1412,overwork,過労,かろう,1413,95364,3322
1413,pickpocket,すり,すり,1414,111946,3460
1414,firetruck,消防車,しょうぼうしゃ,1415,120165,1768
1415,gargling,うがい,うがい,1416,122057,3718
1416,accustom,慣らす,ならす,1417,136495,4478
1417,wastepaper,紙屑,かみくず,1418,166983,3977
1418,sukiyaki,すき焼き,すきやき,1419,185191,1659
1419,stationmaster,駅長,えきちょう,1420,229393,2173
1420,oversleep,寝過ごす,ねすごす,1421,322526,5263
